Species\Gene,Plastid,Size,NCBI ,Taxonomy,,,Comments,tufA,atpA,petA,rps7,rps4,rpl14,rpl5,rpl2,psbC,psbB,atpI,atpB,rps2,sufB/ycf24
Plasmodium malariae,red,34324,"Plasmodium malariae apicoplast, complete genome - Nucleotide - NCBI (nih.gov)",Apicomplexa,,,,MNNKLFIRNKQHINLGTIGHVDHGKTTLTAAISYLLNLQGLSKKYNYSDIDSAPEEKIRGITINTTHIEYETLTKHCAHIDCPGHSDYIKNMIIGASQMDIAILVISIIDGIMPQTYEHLLLIKQIGIKNIIIFLNKEDLCNDIELIDFIKLEINELLIKYNFDLDNIKILTGSALNVINIIQKNKNYELIKSNIWIQKLNNLINIIDNILIPVRKLKENFLMSIEDVFSITGRGTVVTGKIEQGCINLNDEIEILKFEKSSILTTVIGLEMFKKQLIQAQSGDNVGILLRNIQKKEIKRGMILSTPNKLKVYKSFISETYILTKEEGGRHKPFSIGYRPQFFIHTVDVTGEIKNIYLYNNIQKIAIPGDKLTLHVELNHYIVLILNMKFSIREGGKTIGAGVIIKIID,x,n,y,y,y,n,y,n,n,n,n,MFITFNELLKSKIYIGNIHKSININNYKFIYKLKYNYCILNFTLIIIYLYKLYIYIYNISFINNKILFINNNILIINFIIKICNLTNNFYIIKWVPGLITNWYIFKKRIIIYIWLEKLFNNKYFINILSKKCINNLKNIYNKLYINFNGIKNMLILPKYIFLSNFNNLIIKEILKLKLILISFINLSLNSSYINVKILGNYNNYNSLKLIYKIIYTSIIHSKIKNM,MKLKKILNIYNLNYKYQYTNKINLYLIRNGLNKNLLKNLSNNIFLYIFIYKFKIYSLKLLNIFKLPDWSFFECPNINYDNIIYYSSILKDSNLIVYLKNNLNINFLDIILIKNNSIDIIFDSISILHTTQYFLKKLGIIFLPLFDVIFKYPLLIKKYLGTVISYKDNFFANINSIIFSEGSFCYIPKYIKCNFNLSTYFKTNSYDFAQFERTLLIINEYSYVIYIEGCTAYKYNESQLHVAIVEIIVKNYSYVKYYTLQNWYRGDYLGNGGLYNFTTKRGICFYFSKLDWIQIELGSIITWKYPSTILKGNYSISNFYSISFLSNIQIADTGSKMYHIGSFTKSYIISKSISLNESLNIFRGLIYIKPYSYKSYNYTECNSLILGNNSLTVTIPYIKNYNYTSYIKQEAFISKIEILYLFLLMQRGLNILESISLIVIGFCSSIYNKLPFELNFEIPILFSFKIKDIFK
Leucocytozoon caulleryi,red,34779,"Leucocytozoon caulleryi apicoplast DNA, complete sequence - Nucleotide - NCBI (nih.gov)",Apicomplexa,,,,MNNNLFIRNKQHINIGTIGHVDHGKTTLTTAISYLLNLQGLSKKYNYNDIDSSPEEKIRGITINATHIEYETINKHCAHIDCPGHADYIKNMIVGAAQMDVAILVISIIDGIMPQTYEHLLLIKQIGIENIIIFLNKEDLCDDIELIEFIKLEIYELLNKYNFNLNCIHILTGSALNVINIIQKEKDFNKIKSNIWIQKLNNLINIINDIKISPRKIKEDFFMPIEDIFSIIGRGTVVTGKVEQGCININDEVEILKFDKTSILTTIIGLEMFKKQLHQAQSGDNIGVLLRNIQKKDIKRGMILAKPNKFKVYKNFVAETYILTKEEGGRHKPFSIGYKPQFYLNTVDVTGLIKNIYFNDVIQKVAIPGDKITLYIELNHYIVLIPNMKFSIREGGKTIGAGIITKILN,x,n,y,y,y,n,y,n,n,n,n,MFIKFKKLLKSKIYIGYINKNIHCTNYKFIYKIINNKICIYDFTIISIYLYKLYLYIYNINFLNQKILFINNNKYNIIFINNFIIKICKLMNYFYILKWIPGLLTNWIIIKKKIIVYLWLNKILFNIYFTTILSKKCLIYLKNLYNKLFKYLDGIKYMINLPKYIFLMHFNNNIIINEIIKLKLILISFINISMDSNLINIKIIGNNFNYKSLCLIFKIIYTSMIYSKIKNM,MKLKLLLNLYNLNYKNQYKNKINFYLIRNGLNKYLIKKLSCNLFLYVFIYKFKLYSLKILNILKFPDWSFFDCPYINYDNIIYYSSILKNNNLIKYLKTNLHINFLNSIIIKTNSVDVIFDSISVLHTTQYFFKKIGIIFLPLFDVIFKYPILIKKYLGTVVSYKDNFFANINSIIFSEGSFCYIPKYVKCNLNLSTYFKTTSYDFAQFERTLLIISEYSQVTYLEGCTALMYKESQLHVAIVEIIVKNYGYVKYYTLQNWYKGDYLGNGGLYNFTTKRGICLNNAKLDWIQIELGSIITWKYPSTVLKGNFSISNFYSISFISNMQIADTGSKMYHIGSYTKSYIFSKSISLNNSLNIFRGLVYIKPSSYKSYNYTECNSLIFGNNSMTITIPYIKNYNFTSVCKQEAFISKIEIMYLFLLMQRGLSIFDAISLLIVGFCSEIYNKLPFEFNLEIPLLFLLKIKDMFKY
Babesia orientalis,red,33200,"Babesia orientalis strain Wuhan apicoplast, complete genome - Nucleotide - NCBI (nih.gov)",Apicomplexa,,,,MAKEQYIKNKPHINIGTIGHIDHGKTTLTSALTSVLKAKGLAKKAHSYEDIDSAPEEKSRGITINTKHVEYESNSRHYAHIDCPGHADYIKNMITGAVQMDGAVLVISLVDGPMPQTIEHLLLIKQIGIEHVIIFLNKEDRITDKELINFVEEEVRDILLRYNFKEDCVNFTYGSALEALNIVKQSSKLDFTNIWIKKILNLVECIDNHIPTPTRDLVKPFLMPVEDSFSITGRGVVATGKIERGSVNIGDKLELLGYDNSKLTSVLNIEMFNKSLPQAESGDNVGILLRGISKTDIKRGYILTVPGNSKLYKEFTANLYVLSKLEGGRHTAFTLGYKPQFFIRTSNITGTITKIYSSVNKLSLDLAIPGDNVIVDAVIEKSIVLETELRFAIREGGKTIGAGIIIELKN,x,n,y,y,y,y,y,n,n,n,n,MFLNFNLLLKNYIHISNIRKLHKPTYKLYKIVNNCYIINLVNIIANLYKLYKILFLLSKKKFYITVVNTVKLPNLKFIYYFTKFTNSNCLSTKWINGTLTNYTIMQNIIIANSFIAKVCATQAKKPLSKKLKMLQSKYNFAKYLKNIKLSKFMFLLNLDSNIPAINECLSKNKFIMGVCDLNFNTMLADLNIHGNNINHKSLNFFIKFLITPIIKGSYINLYNKR,x
Haemoproteus columbae,red,29789,"Haemoproteus columbae apicoplast, complete genome - Nucleotide - NCBI (nih.gov)",Apicomplexa,,,,MNNKLFIRNKQHINIGTIGHVDHGKTTLTTAISYLLNIQGLSKKYNYNDIDSSPEEKIRGITINTTHIEYETMTKHCAHIDCPGHSDYIKNMIIGATQMDIAILVISIIDGIMPQTYEHLLLIKQIGIKDIIIFLNKEDLCDDIELIDFIKLEINELLNKYNFDLKYIHILTGSALNVINIIQKNKNFDQIKSNIWIKKLIELINIIDNIKIEIKKIDDYFLMPIEDVFSITGRGIVVTGKIEQGIININEEVEILKFEKSSIITTVIGLEMFKKQLYQAQSGDNVGILLRNIQKNELKRGMILSKPNKLKVYKNFIAEVYILTKEEGGRHKPFFKGYKPQFFIYTLDVTGEIINIYSNNIIQKMVMPGDKVTLNIELKHYVVLIKNMKFSIREGGKTIGAGIIVDIIN,x,n,y,y,y,n,y,n,n,n,n,MFFTFNDLLKSKIYIGNTYKNININNYKFIYKIKFNICILNFTVIILYLYKLYLYIYKISIFNKKILFICNNNLLIYNFILKICKSVNYYYIFKWIPGLLTNWYFFKKKIILYIWLNKILKNNYYKKILSNKCLINLKFIYNKLYIKFYGIKYMLKLPKHIFYININNNNLIVNEIIKLKLIWISFINLSLDSNLINIKILGNYNNYNSLKLIFKIIYTSIIHSKIKNL,MILKKLLNIYNLNYKYQYKNKINLYLIRNGLNKNLLKDLSNNILLYKFIYKFKLYSLKILNIFKFPDWNFFDCPIINFDNIIYYSSILLDYNLINYLKKNLNLNILNNSLIQYNSIDVIFDSVSIIHTTQYFLKKIGIVFISLFNAILKYPILLKKYLGTVVSYKDNFFANINSIIFSEGSFGYIFKYIKCNFNLSTYFKTNSNDFAQFERTLLIVNEYSYIVYLEGCTASIYKESQLHVAIVEIIVKNYSFVKYYTLQNWYIGDYIGNGGLYNFTTKRGICFYYSRLDWIQIEIGSIITWKYPSTILKGNNSLSKFYSISFLSYMQIADTGSKMYHIGSNTKSYIYSKSISLDNSLNIFRGLIYIQPNSYNSCGNMECNSLIYDNKSLTITIPYIKNYNNTSFIKQEATILKIEMLYLFLLMQRGISILKAISLLIIGFCFDIYKQLPLELIIEISDLFSLKIKHIFN
Triparma laevis,red,117514,"Triparma laevis chloroplast DNA, complete sequence - Nucleotide - NCBI (nih.gov)",Bolidophyceae,,,,y,y,,,,,,,,,,,,
Laminaria digitata,red,130377,"Laminaria digitata chloroplast, complete genome - Nucleotide - NCBI (nih.gov)",Brown Algae,Laminales,,,y,y,,,,,,,,,,,,
Fucus vesiculosus,red,124986,"Fucus vesiculosus chloroplast, complete genome - Nucleotide - NCBI (nih.gov)",Brown Algae,Fucales,,,y,y,,,,,,,,,,,,
Dictyopteris divaricata,red,126099,"Dictyopteris divaricata chloroplast, complete genome - Nucleotide - NCBI (nih.gov)",Brown Algae,Dictyotales,,,y,y,,,,,,,,,,,,
Lotharella vacuolata,green,71557,"Lotharella vacuolata plastid DNA, complete sequence, strain: CCMP240 - Nucleotide - NCBI (nih.gov)",Cercozoa,,,,MAREKFERIKPHVNIGTIGHVDHGKTTLTAAITMALSVISGKQGKKYDDIDSAPEEKARGITINTSHVEYETKNRHYAHVDCPGHADYVKNMITGAAQMDGAILVVSGADGPMPQTKEHLLLAKQVGVPSIVVFLNKEDQVDDEELLELVELEIREMLDTYDFPGESTPIIKGSALMALQSLAQDISDNDSNIWVEKILSLMQNVDDYIPTPDRETQKPFLMAVEDVFSITGRGTVATGRVERGVVKIGDIVEIVGLKETRSTTVTGLEMFQKMLQESIAGDNVGMLLRGIQKADIQRGMVIAEPGSITPHHSFEAQVYILTKEEGGRHKPFFKGYRPQFYFGTTDVTGNIESLKSDEDNSDMRMVVPGDRVTMSVELVQPIAIEKGMRFAIREGGRTVGAGVVSNIAG,MLNIATDEICSLIRFRIQNYNPELKLSNVGVVFKVGDGIVRVFGLQGAMAGELLLFEEGSVGIAFNLEKNNIGVVLLGDCSLIQEGMIVKGTGKIGEIPVGEKFLGRIVDSLANPVDGKGEIISSQTRLIEPPAPGIVDRRSVYEPLQTGIIAIDAMIPIGRGQRELIIGDRQTGKTAVAIDTILNQKGKNVRCVYVAIGQKSSSVAQVVTALQERNALEYTVIVSAPADTTATMQYIAPYSGTALAEYFMYNSEHALVVYDDLSKQAQAYREMSLLLRRPPGREAYPGDVFYLHSRLLERAAKLSDNLGGGSLTALPIVETQEGDVSAYIPTNVISITDGQIFLSADIFNAGFRPAINVGISVSRVGSAAQPKAMKRVAGKLKLELAQFAELEAFSQFASDLDQATQNQLARGKRLREILKQPQYSPLSLDNQVGIIFAGTNGYLDKIDMENISNYLTTLKSLLQDAHSKFGDIILSKNDFTKNEESILREILENSVIE,MLFIGNRQFVVIIKRFLCFSLLGFFFVFNVNAYPIFARQYFSSPREVSGRIACSYCHLAQKAINLSMPHSVFPNTVFEAVIKIPYEKNLKQISGQGNKTGLNIGAILILPDGYSLAPIDRIPSSLKEKINNLAFLPYNNANKSTFMVGPVNGEKYNRELIFPVLAPDYGDSNANFIKSSIYVGGNRGRGQLYPNGEKSNNNIYTSSVNGKIREIKPGSKNDFNILIETKDKTSVIETVGPGANLIVKEGQEISIDQSLTTDPNVGGFGQFETEILLQNPVRLQNLLLFSFFIFLSQIFLVLKKKQFEKVQLFDMNF,y,y,y,y,y,y,y,y,y,MTTQNLIEFIKNNKIFLKKNIAYTNKKKKQTYLFRMLQANVHLGHKNKKWNPKMSDFIFQTIEGLHIIDIVQSYIYLYKACQLLYKEASNKEYKGFLFAGTEEKSAIPICIKNNAYNCGSFYINKKWLSGTLTNWKNTTNSLTILKYLKLYKKTKNFDETPVKIQTLIQKKISKLERYFGGIQNMKALPEIVIIVGEQTQLNALKECHILKLKSITLLDTNSNPKLVDLFIPANDDSNSSLNFILGEFQLAINLGRQKYLKNKNPLENSNSILRSI,x
Bigelowiella natans,green,69166,"Bigelowiella natans plastid, complete genome - Nucleotide - NCBI (nih.gov)",Cercozoa,,,,MAREKFERVKPHVNIGTIGHVDHGKTTLTAAITMALASVSGKKGKKYDDIDSAPEEKARGITINTAHVEYETETRHYAHVDCPGHADYVKNMITGAAQMDGAILVVSGADGPMPQTKEHLLLAKQVGVPSIVVFLNKEDQVDDEELLELVELEIREMLDTYDFPGDSTPIIKGSALMALQALMETDEMSRGSNPWVDKILTLMDNVDEYIPTPERETDKPFLMAVEDVFSITGRGTVATGRVERGGVKIGDVVEIVGLRETRSTTVTGLEMFQKMLQESIAGDNVGMLLRGIQKADIQRGMVVAQPGSITPHVSFDAQVYILTKEEGGRHTPFFKGYRPQFYVRTTDVTGKIESLKSDEDNTEMRMVVPGDRVTMSVELVQPIAIEKGMRFAIREGGRTVGAGVVSNVVS,MLNIATDEICSLIRYRIQNYNSELKLNNVGVVFKVGDGIVRVFGLQGAMAGELLLFEEGSVGIAFNLEKNNIGVVLLGDCTLIQEGMIVKGTGKIGEVPVGDKFLGRIVDSLANPIDGKGDIVSSQTRLIEPPAPGIVDRRSVYEPLQTGITAIDAMIPIGRGQRELIIGDRQTGKTAVAIDTILNQKGKDVKCVYVAVGQKSSSIAQVVTTLQDKGALDYTILVSAAADTTATMQYIAPYSGTALAEYFMYNGSHALVVYDDLSKQAQAYREMSLLLRRPPGREAYPGDVFYLHSRLLERAAKLSDSLGGGSLTALPIVETQEGDVSAYIPTNVISITDGQIFLSSDIFNAGFRPAINVGISVSRVGSAAQPKAMKRVAGKLKLELAQFAELEAFSQFASDLDQATQNQLARGKRLREILKQPQYSPLSLENQVGIIFAGTNGYLDKVSIENIPSYITSLTESLKNEKSKFGDVILSTKDFTKDEENVLRNILEAS,MYLSKNFFLNLKTFIFSFFVLCFFSQSAQAYPIFAKQYFSSPREVSGRIACSYCHLAQKPVELSVPQSVFPNTVFEAVIKVPYDKTVKQVSGQGSKFGLNIGAILILPEGFTLAPVDRLSESLKKKTAGLSFLPYNNNNKSTFMVGPVSGDKYDKLVFPVLSPDYGPNTAFLKSAVYVGGNRGRGQIYPNGEKSNNNLFASSSNGVVSEIKSTKNGGFEVVITTNDGNSVVENIGSGATIIVQEGQQVKAEQPLTTDPNVGGFGQSETEIGLQNPIRVQGLLLFSLFILLAQIFLVLKKKQFEKVQLFEMNF,y,y,y,y,y,y,y,y,y,MNFELKNFNTIRINKNQTILIKTTNLENSSKEDTYQFILKMLKAGVHFGHKIKKWNPKMSPFIYQKLQGIHIIDIIQSYTYLKKACKLVYSKSLTDNYNTFLFVGTKKQSPIPNSIFYHASRCNSFYINNKWLSGMLTNWENTTRSINTLKYLKVYQKTNMFSKLSMKTHSIIDKKKNRLEKYFGGIQNMTSLPSTVILVGQHNEITASKECRKLGINNITILDTDCNPEFVDLFIPANDDSSSSLNLILGELQVAINIGRQKFCENLKTWKNSSSILKQI,x
Partenskyella glossopodia,green,72620,"Partenskyella glossopodia plastid DNA, complete sequence, strain: RCC3 - Nucleotide - NCBI (nih.gov)",Cercozoa,,,,MAREKFERLKPHVNIGTIGHVDHGKTTLTAAITMALSSINGKQGKKYDDIDSAPEEKARGITINTAHVEYETESRHYAHVDCPGHADYVKNMITGAAQMDGAILVVSGADGPMPQTKEHLLLAKQVGVPSIVVFLNKEDQVDDEELLELVELEIREMLDTYDFPGDSIPIIKGSALMALQVLTDSEAVLARGNDPWVDKILSLMDSVDDYIPTPDRETEKPFLMAVEDVFSITGRGTVATGRVERGGVKIGDLVEIVGLRETRSTTVTGLEMFQKMLQESIAGDNVGMLLRGIQKADIQRGMVIAKPGSITPHVSFEAQVYVLTKEEGGRHTPFFKGYRPQFYVRTTDVTGKVESLKSDEDNRDMKMVVPGDRVSMSVELVQPIAIEKGMRFAIREGGRTVGAGVVSTVIS,MLNISTDEICSLIRYRIQNYNSESKLNNVGIVFKVGDGIVRVFGLQSAMAGELLLFEEGSIGIAFNLEKNNIGVVLLGDCTLIQEGMIVKGTGKIGEIPVGNEFLGRIVDSLANPIDGKGDIVTNQTRLIEPPAPGIVDRRSVYEPLQTGIVAIDAMIPIGRGQRELIIGDRQTGKTAIAVDTILNQKGKDVKCVYVAIGQKSSSISQVVTTLQDKDALNYTIIVAATADTTATMQYIAPYSGTALAEYFMYNGSHALVVYDDLSKQAQAYREMSLLLRRPPGREAYPGDVFYLHSRLLERAAKLNDSLGGGSLTALPIVETQEGDVSAYIPTNVISITDGQIFLSSDIFNAGFRPAINVGISVSRVGSAAQPKAMKRVAGKLKLELAQFAELEAFSQFASDLDQVTQNQLSRGKRLREILKQPQYSPLSLENQISIIFAGTNGYLDKISIENVSTYLNTIQNSLQNVKSTFGDVILSTNDFSKKEEDILIQALTKGFVVTIEQQIESWTHPHHPSSMTHSVTR,MYFSRVFKHIWKYIIFPVIFVFSISFKAYAYPIFARQYFSSPREVSGRIACSYCHLAQKPIEFSIPQSVFPNTIFEAIVKVPYNKELKQISGQGNKVGLNIGAIVILPENFTLAPVDRLSSSLKEKTKGLSFLPYNSENKSTFMVGPVSGDKYDKLIFPILSPNFNSNTSFLKSSVYVGGNRGRGQIYPNGEKSNNNIFTSSVNGIIDEIRPGKKNGFEIVITTKDGNSIIENIGAGANIIIEEGKQISIDQPLTTDPNVGGFGQSETEIALQNPTRVQGLLLFSIFILVAQIFLVLKKKQFEKVQLFEMNF,y,y,y,y,y,y,y,y,y,MNFELKKNKQIRTNFKPINSNYSLYKKEEDKNFQFILKMIKAGVHFGHKTKKWNPKMAPFIYQKLQGIHIIDIIQSYTYLKNCCKLLYTKSSSKNYSTFLFVGTKKQSPIPNCILHNAFNCNSFYINKKWLSGMLTNWKNTIQSIKILKYLKLYQKTNHFNTLSVKLHSIIERKKERLERYFGGIQNMITIPNTVIIVGQQTELTALKECRKLGIRNITVLDTDCNPEFADLFIPANDDSSSSLSLILGELQIAINLGRQNFYKNSRNKNILKKSISIFKII,x
Guillardia theta,red,121524,"Guillardia theta chloroplast, complete genome - Nucleotide - NCBI (nih.gov)",Cryptophyta,,,,MARDKFERSKPHVNIGTIGHVDHGKTTLTAAISATLSQYTGKSKKFDEIDSAPEERARGITINTAHVEYETDKWYYAHVDCPGHADYVKNMITGAAQMDGAILVCSAANGPMPQTREHILLAKQVGVPYIVVFLNKADMVDDEELLELVQLEVQELLEKYDFPGSEIPFVAGSALLALEAVANNPTIKRGEDKWVDTIYQLMDKVDEYIPTPERETDKAFLMAVEDVFSITGRGTVATGRIERGKVKVGDTIEIVGLRETRNTTITGLEMFQKSLDEALAGDNVGILVRGIQKTDIERGMVLAAPGSITPHTKFEGEVYVLTKEEGGRHTPFFSGYRPQFYVRTTDVTGTIAQFTSDDGSTAEMVMPGDRIKMTAQLIHPIAIEKGMRFAIREGGRTVGAGVVSKIIE,MVNIRPDEISSIIRQQIDKYDQAIQVSNVGTVLQIGDGIARVYGLDQVMAGELLEFEDKTIGIALNLESDNVGVVLMGEGRGILEGSSVKATGKIAQVPVGKSYLGRVVNALGTPIDGKGDINCSETRLIESIAPGIISRKSVCEPIQTGITAIDSMIPIGRGQRELIIGDRQTGKSSVAIDTIINQKGEDVVCVYVAVGQKAATVASIVTTLEEKGALDYTCIVAANADDPATLQYIAPYTGAAIAEYFMYNGQATLVIYDDLSKQASAYREMSLLLRRPPGREAFPGDVFYLHSRLLERAAKLSDKLGGGSMTALPVIETQAGDVSAYIPTNVISITDGQIFLSGDLFNAGIRPAINVGISVSRVGSAAQIKAMKQVAGKLKLELAQFAELEAFSQFASDLDQATRNQLARGQRLREILKQPQNSPISVEEQVAIIYTGINGYLDDIAVDKVRRFVTNLRTNLKNSKPQYAEIIRNTKTFNSDAENLLKSAIADTKQSFV,MINLFLLKYKTAFSTFLKPFAYLSLILSVCFYSIQAQAFPVFAQQAYENPREATGRIVCANCHLAQKPVEIEVPQAVLPDTVFEAVVEVPYDLSLQQVTGNGTKGPLNVGAVVILPEGFTLAPKDRISSELKEKTKGLIITPYNEANPNILVVGPVPGKDHQKLVFPVLSPNPAENKNVHFIKYPVYVGANRGRGQVNPTGEKSNNTVYTSPIDGQIVKLEKSDNVTSFSIKSKTGDIITVKVPFGPDILVKEGQTLVADQQLTNDPNVGGFGQVETEIVLQSPARVKGLIAFFFTVILAQILLVLKKKQFEKVQLAEMNF,y,y,y,y,y,y,y,y,y,MTITLAELLESGVHFGHQARRWNPKMFPYIYAERNGIHIIDLVQTAQLLTEACEFVKKSAEEGKKFLFVGTKRQAASIIAQEAERCGAFYINQRWLGGILTNWFTIRTRVERLKDLELKEETGYLDKLPKKEAAGLRRELEKLKRNLNGIKNMKRLPDLVVIVDQKRETTAVQECRTLGIPIISILDTNCNPDLTDIAIPGNDDAIRSIKLIITKLTDSICEGSLGYDENNSDHE,MSDDLSKRSLRELVSQPYKYGFHTDIENEEFPKGLDEDIIKEISKLKCEPSYMLDFRLKSYILWKKMSLPEWACLTYLNINYQDIVYYSAPKNSTKLDSLEDVDKKILETFDKLGIPLNEQKKLANVAVDAIFDSVSVGTTFKQELSNVGVLFCPLSEATNKYSTLVEKYLGSVVPIGDNYFAALNSAVFSEGSFCYIPPNVKCPLELSTYFRINNENSGQFERTLIIADFNSYVSYLEGCTAPMYDKNQLHAAVVELIALENAEIRYSTVQNWYSGDTNGKGGIYNFVTKRGLCAGKSSKISWTQVETGSAITWKYPSCILVGEDSVGEFYSVALTNNYQQADTGTKMIHVGRGSKSRIISKGISAGYSKNTYRGQVKININALGSINNSQCDSMLIGPYSQANTYPYIQVSNAMSRVEHEASTSKIEEEQLFYFLQRGISVEQAISLLISGFCRDVFVKLPMEFAVEADKLLSVKLEGTVG
Cryptomonas curvata ,red,128285,"Cryptomonas curvata strain CNUKR plastid, complete genome - Nucleotide - NCBI (nih.gov)",Cryptophyta,,,,y,y,,,,,,,,,,,,
Cyanobacteriota bacterium,,,,Cyanobacteria,,,,MARAKFERTKPHVNIGTIGHVDHGKTTLTAAITSTLAALGQATAKKYDEIDAAPEEKARGITINTAHVEYQTESRHYAHVDCPGHADYVKNMITGAAQMDGGILVVSAADGPMPQTREHILLARQVGVPNLVVFMNKEDMVDDAELLELVELEVRDLLSSYDFPGDDIPIVKGSALKALEKMQANPKTARGDDPWVDKIYELMDAVDSYIPTPERDIDKPFLMAVEDVFSITGRGTVATGRIERGKVKVGETVELVGLADTRSTTVTGLEMFQKTLDEGMAGDNVGVLLRGIQKEQIERGMVLAKPKSITPHTNFESEVYILKKEEGGRHTPFFSGYRPQFYVRTTDVTGTISAFTADDGSSPEMIMPGDRIKMTVELIQPIAIEQGMRFAIREGGRTVGAGVVSKILK,MVSIRPDEISSIIRQQIEQYDQSVQVSNVGTVLQIGDGIARIYGLEKAMAGELLEFEDGTIGIALNLEEDNVGAVLMGDGRQIQEGSPVTATGKIASIPVGDAMLGRVVDSLARPIDGKGEVNTTETRLIESGAPGIIQRKSVYEPLQTGITAIDAMIPVGRGQRELIIGDRQTGKTAIAIDTILNQKSEDVVCVYVAIGQKASSVAQVVSVLEERGALDYTIVVAANANDPAPLQYLAPYTGAALAEYFMYKGKHTLVVYDDLSKQAQAYRQMSLLLRRPPGREAYPGDVFYLHSRLLERAAKLSPELGEGSMTALPIIETQAGDVSAYIPTNVISITDGQIFLSSDLFNSGLRPAINAGISVSRVGGAAQIKAMKKVAGKLKLELAQFDELQAFAQFASDLDQATQQQLARGVRLRELLKQPQYSPLPVAEQIAIIYAGTNGYLDDIPVEKVVQFSKELRDYLNTSKPRYGEIVRTEKALTDELVTILKEAIAECKQAFMAAV,y,y,y,y,y,y,y,y,y,y,y,y
Prochlorococcus marinus,,,,Cyanobacteria,,,,MAREKFERNKPHVNIGTIGHVDHGKTTLTAAITNVLAKKGQAQAQDYGDIDGAPEERERGITINTAHVEYETDGRHYAHVDCPGHADYVKNMITGAAQMDGAIIVVAATDGAMAQTKEHILLAKQVGVPSLVVALNKCDMVDDAEMIELVEMEIRELLSSYDFPGDDIPVIQVSALKALEGDSEWEGKIDELMKSVDESIPEPEREVDKPFLMAVEDVFSITGRGTVATGRIERGKIKVGEEVEIVGIKDTRVTTVTGVEMFRKLLDEGMAGDNVGLLLRGVQKEDIERGMVLVKKGSITPHTKFEGEVYVLKKEEGGRHTPFFAGYRPQFYIRTTDVTGQITAFTADDGSNVEMVMPGDRIKMTGELICPVAIEQGMRFAIREGGRTIGAGVVSKIIK,MVSIRPDEISSILKQQITDYDQSVSVSNVGTVLQIGDGIARIYGLDQVMAGELLEFEDGTEGIALNLEDDNVGAVLMGEALGVQEGSNVKSTGKIASVPVGEAMKGRVVNPLGQPIDGKGEIPTSDNRLIEEMAPGIIKRRSVHEPMQTGITSIDAMIPVGRGQRELIIGDRQTGKTAIAIDTIINQKGQDVVCVYVAIGQKSASVANVVEVLREKGALDYTVVVSAGASEAAALQYLAPYTGAAIAEHFMYQGKATLVIYDDLTKQAQAYRQMSLLLRRPPGREAYPGDVFYCHSRLLERAAKLSDDMGGGSMTALPIIETQAGDVSAYIPTNVISITDGQIFLSADLFNSGLRPAINVGISVSRVGGAAQTKAIKKIAGTLKLELAQFDELAAFSQFASDLDEATQQQLERGKRLRELLKQAQFSPLNLAEQVAVVYAGVKGLIDEVPVEDVTKFAAELREYLKLNKAEFIEEILKEKKLNEGLETTLTEVIKEVKSSMLATV,y,y,y,y,y,y,y,y,y,y,y,y
Lyngbya confervoides,,,,Cyanobacteria,,,,MARAKFERNKPHVNIGTIGHVDHGKTTLTAAITMSLAAQGKAEARKYDEIDAAPEEKARGITINTAHVEYETETRHYAHVDCPGHADYVKNMITGAAQMDGAILVVSAADGPMPQTREHILLAKQVGVPNIVVFMNKQDQVDDEELLELVELEIRELLSSYDFPGDDIPIVAGSALLAVEALAENATLNRGDNEWVDKILSLMDEVDAYIPTPERDVDKPFLMAVEDVFSITGRGTVATGRIERGVVKVSDEVEIVGIRDTRKSTVTGIEMFKKSLDEGMAGDNAGILLRGIQKEDIERGMVLAKPGSITPHTEFESEVYVLKKDEGGRHTPFFSGYRPQFYVRTTDVTGTISQFTADDGSEAEMVMPGDRIKMTVQLINPIAIEQGMRFAIREGGRTIGAGVVSKILK,MVSIRPDEISSIIRQQIEQYDQKVQVENVGTVLQVGDGIARVYGLEKAMAGELLEFEDGTVGIALNLEEDNVGAVLMGDGRDLQEGSTVKATGKIAQIPVGEAIIGRVVDALARPLDGKGDIATTDTRLIESPAPGIIARKSVCEPMQTGITAIDSMVPIGRGQRELIIGDRQTGKTSVAVDTILNQATEDVICVYVAVGQKASTVAQVVEVFRERGALDYTVIVAANANDPATLQYLAPYTGAAIAEYFMYQGKHTLIVYDDLSKQAQAYRQMSLLLRRPPGREAYPGDVFYLHSRLLERAAKLSPELGEGSMTALPIVETQAGDVSAYIPTNVISITDGQIFLSSDLFNAGLRPAINAGISVSRVGSAAQIKAMKQVAGTLKLELAQFAELEAFAQFASDLDKATQNQLERGKRLRELLKQPQYSPLAVSDQVAIIYAGTKGYLDDIATDKVVPFLAGLREFLKTSKPKYAEVIRNEKKLNDEAEGVLKEALEEYKKTFMATA,y,y,y,y,y,y,y,y,y,y,y,y
Pseudo-nitzschia pungens,red,124309,"Pseudo-nitzschia pungens isolate CNS00141 chloroplast, complete genome - Nucleotide - NCBI (nih.gov)",Diatom,,,,MAREKFERTKPHVNIGTIGHVDHGKTTLTAAITATLSLEGGSAIKDYADIDGAPEERARGITINTAHVEYETQTRHYAHVDCPGHADYVKNMITGAAQMDGAILVVSAADGPMPQTREHILLSKQVGVPDIVVFLNKQDQVDDEELLELVELEVRELLSAYDFPGDDIPICPGSALQAIEAITANPSLKRGDNEWVDKIFALMDAVDEYIPTPERDTEKTFLMAIEDVFSITGRGTVATGRIERGVVKVGESVEIVGVGETQTTTITGIEMFQKTLEEGFAGDNVGILLRGITREDIERGMVLAKPGTITPHTVFESEVYVLTNDEGGRSTPFFTGYRPQFYVRTTDVTGAITAFTADDGSTVEMVLPGDRIKMTAELIYPVAIEDGMRFAIREGGRTIGAGVVSKIIN,MINIRPDEISSIIREQIEQYDQDVKVDNIGTVLQVGDGIARVYGLDQVMSGELLEFEDKTIGIALNLENDNVGVVLMGTGRQILEGSTVKSTGQISQIPVGEKFLGRVVNALGLPIDGKGEIESSDTQLLEAMAPGIISRKSVCEPLQTGITSIDAMIPIGRGQRELIIGDRQTGKTAIAVDTIINQATEDVVCVYVGVGQKASTIAQVVNVLEEKNAMAYTIIVAASANDPATLQYIAPYAGAAMAEYFMYNGKATLVIYDDLTKQAMAYRQMSLLLRRPPGREAYPGDVFYLHSRLLERAAKLSDALGGGSMTALPVIETQASDVSAYIPTNVISITDGQIFLSNDLFNSGIRPAINVGISVSRVGSAAQTKAMKKVAGKLKLELAQFAELEAFSQFASDLDDATQKQLARGTRLRELLKQPQNSPLSVAQQVALIYTGINGFLDDVEVADVKAYCASLISYLTTSQKPYLNIVTSTNQFTEEAEASLKEAIAESKDLFKKK,MATNKFFKSLLFASTIAVNVFGSYVPDSVAYPVFAQQNYSNPRAANGKLACANCHLNQKAIEIEAPQAVLPNSVFEVEVKVPYDTTKQQIGANGKKADLNVGGILILPKGFKLASKNQISPEIKAKNKGVFISPYSTELDNMFVVGPIAGKTHQELIFPVVAPDPEKNSDVKYLTYPFYAGGNRGRGQVYPTGEKSNVNVFGATQAGQITDISTSEKGDSTIEIINSNGVKTSQVVPKGLVLTVKVGDIVQTEQGLNIDPNAGGFGQEESEIVLQNPIRIVGYLAFCLCALLTQILLVLKKKQFEKVQAAELNF,y,y,y,y,y,y,y,y,y,MSDISLAQLLEAGVHFGHKAHRWNPKMFPYIYSEVNNIHILDLVQSATLLKKAMRYLEVAASKNQKVLFVGTKRQATTLIAQEANRSNSYYVNHRWLGGMLTNWSTMKERIEKLKDLEKQESDGTFELLTKKEGALRRKELAKLRKYLDGIKSMTSLPDVVIVIDQRREITAIAECRKLGIPVVSILDTNCDPDLVDIPIPGNDDAVRSIKLILTLLTDSIIKGQTK,MINQSNKVLNTNITKLVNKTYQYGFSTNIEKDIIKKGLNEQTVTLISKKKQEPEFLLEFRLKAYKRWKQMSEPEWAYLKFPQINYQEIVYYSAPKSKKKLQDLNEVDPELLQTFEKLGISLTEQKRLANVAVDVVFDSVSVGTTFQDELSKYGIIFSSISEAVHHSPELIKKYLGSVVPIGDNYFSALNSAVFTDGSFCYIPEDTICPLDISTYFRINDENSGQFERTLLIAEKNSQVNYLEGCTAPQYDTNQLHAAVVELVALENATIKYSTVQNWYSGNEYGKGGIYNFVTKRGLCAGANSKISWTQVETGSAITWKYPSCVLMGDNSQGEFYSVALTNNYQQADTGTKMMHIGKNSRSRIISKGISAGKSKNSYRGFVNVLNKAHGARNYSQCDSLLIGNLSNANTFPFISVYNSTTKIEHEASTSKIGEEQIFYFLQRGIELEKAVELMISGFCREIFTELPLEFAAEADNLLTLKLEGSVG
Pseudo-nitzschia delicatissima,red,122441,"Pseudo-nitzschia delicatissima isolate CNS00130 chloroplast, complete - Nucleotide - NCBI (nih.gov)",Diatom,,,,MAREKFERTKPHVNIGTIGHVDHGKTTLTAAITATLSLEGGSAIKDYADIDGAPEERARGITINTAHVEYETQTRHYAHVDCPGHADYVKNMITGAAQMDGAILVVSAADGPMPQTREHILLSKQVGVPDIVVFLNKQDQVDDDELLELVELEVRELLSAYDFPGDDIPICPGSALQAIEAISSNPDLKRGDNPWVDKIFALMDAVDEYIPTPERDTEKTFLMAIEDVFSITGRGTVATGRIERGVVKVGESVEIVGVADTQTTTITGIEMFQKTLDEGFAGDNVGILLRGVTREDIERGMVLSQPGTITPHTVFESEVYVLTNDEGGRTTPFFTGYRPQFYVRTTDVTGAITDFTADDGSAVEMVLPGDRIKMTAELIYPVAIEDGMRFAIREGGRTIGAGVVSKIVK,MINIRPDEISSIIREQIEQYDQDVKVDNIGTVLQVGDGIARVYGLDQVMSGELLEFEDKTIGIALNLENDNVGVVLMGTGRQILEGSTVKSTGQISQIPVGDAFLGRVVNALGLPIDGKGEIESSDSQLLEAMAPGIISRKSVCEPLQTGITSIDAMIPIGRGQRELIIGDRQTGKTAIAVDTIINQATEDVVCVYVGVGQKASTIAQVVNVLEEKNAMAYTIIVAASANDPATLQYIAPYAGAALAEYFMYKGKATLVIYDDLTKQAMAYRQMSLLLRRPPGREAYPGDVFYLHSRLLERAAKLSDALGGGSMTALPVIETQASDVSAYIPTNVISITDGQIFLSNDLFNSGIRPAINVGISVSRVGSAAQTKAMKKVAGKLKLELAQFAELEAFSQFASDLDDATQKQLARGTRLRELLKQPQNSPLSVAEQVALIYTGINGFLDDIEVADVKAYCGSLVSFLTTSQKPYLNIVTSTNQFTDEAEASLKEAIAESKELFSKNK,MATNKFFKSLLFASTIAVSVFGSYVPDSVAYPVFAQQNYSNPRAANGKLACANCHLNQKAIEIEAPQAVLPNSVFEVEVKVPYDTSKKQIGANGKQADLNVGGILILPKGFKLASKQQISPEIKAKNKGVFISPYSTELDNMFVVGPIAGKKHQELIFPVVAPDPEKDSDVKYLTYPFYAGGNRGRGQVYPTGEKSNVNVFGATQAGQITGITVSEKGDSMIEIVNASGVKTSQAVPKGLELVVKSGDIVTADQDLNVNPNAGGFGQEESEIVLQNPIRIIGYLVFCFFVLLTQILLVLKKKQFEKVQAAELNF,y,y,y,y,y,y,y,y,y,MSDISLSQLLEAGVHFGHKAHRWNPKMFPYIYSEVNNIHILDLIQSATLLKKAMRYLEVAASQNKKVLFVGTKRQATTLIAQEAKRSNSYYVNHRWLGGMLTNWSTMKERIEKLKDLEKQESEGTFDLLTKKEGALRRKELTKLRKYLDGIKSMTSLPDVVIVIDQRREITAIAECRKLGIPIVSILDTNCDPDLVDIPIPGNDDAVRSIKLILTLLTDSIIKGQMK,MINQSNKVLNTNITKLVNKTYQYGFSTNIEKDIIKKGLNEQTVALISKKKQEPEFLLEFRLKAYKRWKQMSEPDWAYLKFPQINYQEIVYYSAPKSKKKLQDLNEVDPELLQTFEKLGISLNEQKRLANVAVDIVFDSVSVGTTFQDELSQYGIIFSSISEAIHHSPELIQKYLGSIVPIGDNYFSALNSAVFTDGSFCYIPEDTICPLDISTYFRINDENSGQFERTLLIAEKNSQVNYLEGCTAPQYDTNQLHAAVVELIALENASIKYSTVQNWYSGNEYGKGGIYNFVTKRGLCAGTNSKISWTQVETGSAITWKYPSCVLMGDNSQGEFYSVALTNNYQQADTGTKMIHIGKNSRSRIISKGISAGKSKNSYRGFVNVMNKAHGARNYSQCDSLLIGNLSNANTFPFISVNNSTTKIEHEASTSKIGEEQIFYFLQRGIELEKAVELMISGFCREIFTELPLEFAAEADNLLTLKLEGSVG
Nitzschia Putrida,red,68317,"Nitzschia putrida NIES-4239 leucoplast DNA, complete genome - Nucleotide - NCBI (nih.gov)",Diatom,,,Heterotroph ,MAREKFNRVKPHINIGTIGHVDHGKTTLTAAITAVLSLEGGSEIRSYSDIDKSPEEKERGITINTTHVEYETINRHYAHVDCPGHADYIKNMITGAAQMDGAILVVSAVDGSMPQTREHILLSKQVGIPKIVVFLNKEDQINEDDRELLELVEMEVRELLELYGFSGDETPVCLGSALKAIDEINLNKTLKRGENLWVDKIFELMDIVDSYIPTPQRDIEKDFLMAVEDIFSILGRGTVATGRIERGTIKVGDTIDIVGIKETKSTAVTGIEMFQKTLDQGVAGDNVGILLRGINRSNIERGMVLAKPASITPHTNFEAEVYILNSNEGGRHTPFFTGYRPQFYIRTTDVTGSILKFMKTDNSIVDMVMPGDHIKMTVQLIYPVAAEEGMRFAIREGGKTIGAGIIAKIIN,MNSLLGFKPNEINEIIKKKIENYEFNSKINNYGTVLQIGDNIALIYGLNKVMNGEILEFEDGTLGIALNLNENNVGAILIDSTYKISEGSIVKSTGKLTQIPVGNAFLGRIVNPLGIPIDGKGDILHSSIRLLETMAPSIINRKSICEPLETGIMAIDSMIPIGKGQRELLIGDRQTGKTTIAIDTILNQKKNNVICIYVGIGQKASTIAQIINILKDKNSLEYTIIVSANANDSVTLQYIAPYAGSTFAEYFMYKGRSTLIVYDDLTKQAIAYRQLSLLLRRPPGREAYPGDIFYLHSRLLERSAKLNDSLGGGSMTALPIIETQSSDVSAYIPTNVISITDGQIFLSNDLFNSGIRPAINVGISVSRVGSSAQIKLMKSISSKLKLELAQFFELESFSQFSSDLDSETKKQLARGMRLRELLKQSKNSPLSSFEQIILIYSGIEGYLDDIDLIHINNFKQKLISHLRSLDIFFINNFLENKNLNDQIKKQLHNIITTVKKSC,x,y,y,y,y,y,n,n,y,y,MNTLSLKKLLESKIHLGHHTSELNPNMLPYIYKEKKGIHIIDVIKSFFSLNQACTFLTKISKQNKKIILIGTNKDISKLIAKEAKKANLYYINSYWSRGILTNFSSIQHKIIKLKKLEQQKKNGFFSKLSKKETIIKNKKLNSLYKRFNGIRTMSKIPDVAIILNQKYDQNAILECKKMRIPIVSIIDSNCDPNLIDIKIPGNADSIQSLNFILQFLIQNLYFSEPENK,MNKSFNKNLKKIITKSYFSGFTTLLETEIINKGLNESIIKLISEKKKEPIFLLNFRLKAYIKWKKIKNPEWPYLKFAEIDYNDIIYYSAPKIKNKYKSFNKKLLDTFNKLGISLNNQNKSKNIAIDAVFDSISVKTTFKSELKAFGIIFCSISDAIKECPKLIRKFLGSVVPIGDNYFSALNSAVFSEGSFCYIPKNIICPLDLSTYFRINNTSSGQFERTLIIVDENSKLNYLEGCTASKSTKNQLHAAIVEIICFKDSIIKYSTIQNWYSGNFRSKGGIYNFVTKRGICLGFNSKISWVQLETGSSITWKYPSCILMGNQSKGEFYSVSLTTNFQQTDTGTKMIHIGKNSKSKIISKGISIGNSKNTYRGFTLITNKAKKSKNYSKCDSLLIKNNSNSNTFPYIHVQNPIIKIEHEASTSKISEDQIFYFLQRGISLEIAIDLLINGFCQDILTRLPLEFAVEANKLLSIKLEKSIG
Thalassiosira pseudonana,red,128814,"Thalassiosira pseudonana chloroplast, complete genome - Nucleotide - NCBI (nih.gov)",Diatom,,,,MAREKFERTKPHVNIGTIGHVDHGKTTLTAAITATLATAGGAVAKDYSDIDGAPEERARGITINTAHVEYETADRHYAHVDCPGHADYVKNMITGAAQMDGAILVVSAADGPMPQTREHILLAKQVGVPHIVVFLNKQDQVDDDELLELVELEVRELLSTYDFPGDDIPICPGSALQAIEALSSNPDVKRGDNPWVDKIFALMDAVDAYIPTPERDVEKTFLMAIEDVFSITGRGTVATGRIERGVVKVGDNVEIVGVGDTQTTTITGIEMFQKTLEEGFAGDNVGILLRGVTRENIERGMVLSKPGTITPHTNFESEVYVLTKEEGGRHTPFFTGYRPQFYVRTTDVTGSIEQFTADDGTIVEMVMPGDRIKMTAELIYPVAIEEGMRFAIREGGRTIGAGVVSKIVK,MINIRPDEISSIIREQIEQYDQDVKIDNIGTVLQVGDGIARVYGLDQVMSGELLEFEDKTIGIALNLENDNVGVVLMGNGRQILEGGSVKSTGQIAQIPVGEAFLGRVVNPLGAPIDGKGDIASTETRLVESMAPGIISRKSVCEPLQTGITSIDAMIPIGRGQRELIIGDRQTGKTSIAVDTIINQKTEDVVCVYVGIGQKASTIAQVVNVLDEKEAMAYTIIVSASANDPATLQYIAPYSGAALAEYFMYNGKATLIVYDDLTKQAMAYRQMSLLLRRPPGREAYPGDVFYLHSRLLERAAKLSDALGGGSMTALPIIETQASDVSAYIPTNVISITDGQIFLSNDLFNSGIRPAINVGISVSRVGSAAQTKAMKQVAGKLKLELAQFAELEAFSQFASDLDEATQKQLARGTRLREILKQPQNSPLSVAQQVALIYAGINGFLDNLAVSDVKKFSASLIQTLASQKSYIDVVGKTNQFTEEAETLLKEAIASTKTGFATL,MATNKFFKSLLFTLTIAISSFGFCVENSSAYPVFAQQGYSNPRAANGKLACANCHLNQKAIEIEAPQGVLPNSVFEIEIKVPYDVNRQQISADGKPADLNVGGILILPKGFKLASKTQISPEVKAKNKGVFISPYSTEFDNILVVGPIAGKTHQELIFPVVAPDPENNPDVKYLTYPFYAGGNRGRGQVYPTGERSNINSFGATQGGQITEITTTEKGESKITIVNSDGATTSQTLSAGLKLLVKQGDIVKQDQPLNIDPNVGGFGQEESEIVLQSSSRILGYLAFCFCLLLTQVLLVLKKKQYEKVQAAELNF,y,y,y,y,y,y,y,y,y,MADINLAQLLDAGVHFGHKAYRWNPKMFPYIYTERNNIHILDLVQTAQLLKRANAYVQNAASEGKTFLFVGTKRQASAVIAQEAKRCPSGYYVNHRWLGGMLTNWVTLKSRIERLKTLEQQEVEGVFNLLPKKEASLRAKELEKLRKHLNGVKDMSKLPDVAIIIDQKREMTAIQECRKLGIPVISILDTNCDPDLVDIPIPGNDDAVRSIKLILNSLTNSIVQGCQ,MNQSNKTLNNNITKLVNQPYKYGFSTTIEKDIIEKGLNENVIRLLSKKKNEPKFLLDFRLKAYKKWKEMKCPEWAQLKFAEIDYQDIVYYSAPKVKKRLNSLDEVDPELLETFNKLGISLNEQKRLSNVAIDAVFDSVSIATTFKEELAEYGVIFSSISEAVHDYTKLIEKYLGTVVPIGDNYFSALNSAVFTDGSFCYIPKDVICPLDLSTYFRINDKNSGQFERTLIVAEENSQVSYLEGCTAPQYDNNQLHAAIVELIALDNANIKYSTVQNWYSGDQKGQGGVFNFVTKRGLCAGSSSKISWTQVETGSSITWKYPSCILVGENAQGEFYSVALTNNYQQADTGTKMIHVGKNTRSRIVSKGISAGNSKNSYRGFVSVNKKAIGARNYSQCDSLLIGNLSNANTFPFISVQNCTTKIEHEASTSKIGEEQIFYFLQRGISIEKGIELMISGFCREVFTELPLEFASEADRLLSLKLEGSVG
Conticribra weissflogii,red,127601,"Thalassiosira weissflogii chloroplast, complete genome - Nucleotide - NCBI (nih.gov)",Diatom,,,Genus debated: Conticribra/Thalassiosira  Conticriba is more recent,MAREKFERTKPHVNIGTIGHVDHGKTTLTAAITATLSLQGSSVAKDYSDIDGAPEERARGITINTAHVEYETETRHYAHVDCPGHADYVKNMITGAAQMDGAILVVSAADGPMPQTREHILLAKQVGVPHIVVFLNKQDQVDDDELLELVELEVRELLSTYDFPGDDIPICPGSALQAIEAISSNPDLKRGDNPWVDKIFALMDSVDDYIPTPERDVEKTFLMAVEDVFSITGRGTVATGRIERGVVKVGDNVEIVGVGETQTTTITGIEMFQKTLEEGFAGDNVGILLRGVTRENIERGMVLAKPGTITPHTNFESEVYVLTKEEGGRHTPFFTGYRPQFYVRTTDVTGSIIQFTADDGSVVEMVMPGDRIKMTAEFIYPVAIEEGMRFAIREGGRTIGAGVVSKIVK,MINIRPDEISSIIREQIEQYDQDVKVDNIGTVLQVGDGIARVYGLDQVMSGELLEFEDKTIGIALNLENDNVGVVLMGNGRQILEGGTVKSTGQIAQIPVGEAFLGRVVNPLGLPIDGKGEIATTESRLVESMAPGIISRKSVCEPLQTGITSIDAMIPIGRGQRELIIGDRQTGKTSIAVDTIINQKSENVVCVYVGIGQKASTIAQVVNVLEQKEAMSYTIIVSASANDPATLQYIAPYAGAALAEYFMYNGKATLIIYDDLTKQAMAYRQMSLLLRRPPGREAYPGDVFYLHSRLLERAAKLSDALGGGSMTALPIIETQASDVSAYIPTNVISITDGQIFLSNDLFNSGIRPAINVGISVSRVGSAAQTKAMKQVAGKLKLELAQFAELEAFSQFASDLDEATQKQLARGSRLREILKQPQNSPLSVPQQVALIYSGINGFLDDLQIGDVKKFSASLLKTLDGQKTYIDAVASTNQFTQEAETALKEAIASTKTGFTTI,MATNKFFKSLLFTLTIAISSFGFCVENSFAYPVFAQQGYSNPRAANGKLACANCHLNQKAIEIEAPQGVLPNSVFEVEIKVPYDVNRQQIGADGKPADLNVGGILILPKGFKLASKAQISPEVKAKNKGVFISPYSTEFDNILIVGPIAGKTHQELIFPVVAPDPDKNQDVKYLTYPFYAGGNRGRGQVYPTGEKSNINAFGATQAGQITDITTTEKGESVITIVNSDGAKTSQTLSAGLKLLVKQSDIVKLDQPLNIDPNVGGFGQEESEIVLQSSSRIIGYLAFCFCLLLTQVLLVLKKKQYEKVQAAELNF,y,y,y,y,y,y,y,y,y,MADINLAQLLEAGVHFGHKAYRWNPKMFPYIYTERNNIHILDLVQTAQLLKRANAYVQNAASEEQTFLFVGTKRQASAVVAQEAKRCNSYYVNHRWLGGMLTNWVTLKSRIERLKNLEQQEVDGIFNLLPKKEASLRLKELEKLRKHLNGVKNMTKLPDVAIIIDQKREMTAIQECRKLEIPIISILDTNCDPDLVDIPIPGNDDAVRSIKLILSSLADSINKGRL,MNQSNKTLNNNITKLVNQPYKYGFSTSIEKDIIEKGLNEKIIRLLSKKKNEPKFLLDFRLKAYKKWKEMKCPEWAELKLSEIDYQDIVYYSAPKVKKKLNSLDEVDPELLETFNKLGISLSEQKRLSNVAVDAVFDSVSIATTFKAELAEYGVIFSSISEAVHEYTSLIEKYLGTVIPIGDNYFSSLNSAVFTDGSFCYIPENVICPLDLSTYFRINDQNSGQFERTLIIAEKNSQVSYLEGCTAPQYDNNQLHAAIVELIALDNANIKYSTVQNWYSGDEKGKGGVYNFVTKRGLCAGVSSKISWTQVETGSAITWKYPSCLLVGDNAQGEFYSVALTNNYQQADTGTKMIHIGKNTRSRIVSKGISAGNSKNTYRGFVSVNKKATGARNYSQCDSLLIGNLSNANTFPFISVQNCTTKIEHEASTSKIGEEQIFYFLQRGISIEKGIELMISGFCREVFTELPLEFAAEADRLLSLKLEGSVG
Synedra acus,red,116251,"Synedra acus chloroplast, complete genome - Nucleotide - NCBI (nih.gov)",Diatom,,,Genus debated: Ulnaria/Synedra idhao which one is more likely,MAREKFERTKPHVNIGTIGHVDHGKTTLTAAITATMALEGNGVAKAYADIDGAPEERARGITINTAHVEYETDARHYAHVDCPGHADYVKNMITGAAQMDGAILVVSAADGPMPQTREHILLAKQVGVPDIVVFLNKEDQVDDAELLELVELEVRELLSAYDFPGDDIPICPGSALQAIEAISANPLVRRGDNTWVDKIYALMDAVDSYIPTPVRDTEKTFLMAIEDVFSITGRGTVSTGRIERGIVKVGDSVEIVGITDTKTTTITGIEMFQKTLDEGFAGDNVGILLRGTTRDDIQRGMVLSKPGTITPHTNFESEVYVLTKDEGGRHTPFFTGYRPQFYVRTTDVTGAITKFTSDDGTTVEMVMPGDRIKMTAELIYPVAIEEGMRFAIREGGRTIGAGVVSKIVK,MIKIRPDEISSIIREQIEKYDQDVKIENVGTVLQVGDGIARVYGLDQAMSGELLEFEDKTIGIALNLENDNVGVVLMGNGRQILEGGVVKSTGRIAQIPVGDNFLGRVINPLGEPIDGKGDISSSESRLLEAMAPGIISRKSVCEPLQTGITSIDAMIPIGRGQRELIIGDRQTGKTSIAVDTIINQKTENVVCVYVGIGQKASTIAQVVNVLEEKGAMSYTCIVSASANDAATLQYIAPYAGACIAEYFMYQGRATLVIYDDLTKQAMAYRQMSLLLRRPPGREAYPGDVFYLHSRLLERAAKLSDALGGGSMTALPIIETQASDVSAYIPTNVISITDGQIFLSNDLFNSGIRPAINVGISVSRVGSAAQTKAMKKVAGKLKLELAQFAELEAFSQFASDLDEATQKQLARGTRLREVLKQPQNSPLSVAEQVALIYTGINGYLDDLSVDSVKKYCATLLKFLATSQKPYIGIVTTTNQFTDEAEASLKECIAESKAIFAQSK,MINNKFIKSLLLNLAFVGLLLGFSVENSNAYPVFAQQNYSNPRAANGKLACANCHLNQKAIEIEAPQAVLPNSVFEVTVKVPYDTTLKQIGANGQKADLNVGGILILPKGFKLAPKNQISEEIKVKNKGVFYSPYSTELDNILVVGPIAGKTHQELTFPVIAPDPEKDSNIKYLTYPIYVGGNRGRGQVYPTGEKSNVNVFGANQNGQVTEITTSEKGDSNVVIVNANGTKTSQSVPAGLSLIVKVGDIVKSEQPLNLDPNVGGFGQEESELVLQNPLRIIGYLAFCFCVLLTQVFLILKKKQFEKVQAAELNF,y,y,y,y,y,y,y,y,y,MSNISLSQLLEAGVHFGHKSYRWNPKMFPYIYSEVNNIHILDLVQSASLLNEATNYLNKLASEGKTFLFIGTKRQASTLIAQEAKRCNSYYVNYRWLGGMLTNWSTLKERINRLKSLEQQEADNTFDLLTKKEASLRRKELDKLRNHLDGIKDMQQLPDVAIIIDQKREMTAIRECRKLGIPIVSILDTNCDPDLVDIPIPGNDDAVRSIKLILKTLTDSIINGKSKLEVI,MINQSNKIINNNLKKLVNKTYEYGFSTKIEKDIIEKGLNEKTIKLISSKKKEPQFLLDFRLKAYKKWKLMNSPEWAYLKFPEIDFQNIVYYSAPKSKKKLKDLSEVDSELLKTFEKLGISLNEQKRLANVALDIVFDSVSIGTTFQQELSEYNVIFCSISEAIQEYPDMIEKYLGSVVPIGDNYFSALNSAVFTDGSFCYIPENVKCPIDLSTYFRINDQTSGQFERTLIIADKNSAVNYLEGCTAPQYDNNQLHAAIVELIALENAIIKYSTVQNWYSGNKYGKGGIYNFVTKRGLCIGKNSQISWTQVETGSSITWKYPSCLLVGENSQGEFYSVALTNNYQQADTGTKMLHIGKLSKSRIISKGISAGNSKNSYRGLVQMTDKALNARNYSQCDSLLIGNCSNANTFPIISVQNSTTRIEHEASTSKIGEEQIFYFLQRGISLEKAIELMISGFCKEVFKKLPLEFAAEADKLLSLKLEGSVG
Lepidodinium chlorophorum,green,66223,"Lepidodinium chlorophorum chloroplast DNA, complete genome - Nucleotide - NCBI (nih.gov)",Dinoflagellata,,,"""Green"" Dinoflagellate",MRRTKFTRKKPHLNIGTIGHVDHGKTTLTAAISAVLSLVFDDAFAGKSYDEIDSAPEEKARGITINTSHVEYETKNRHYAHVDCPGHADYVKNIITGAAQIDGAILVVSREDGPIPQTKEHILLAKQVGVPSIVVFLNKEDQVDDSELLELVEIEVREILTDYEYPGDDIPIVRGSALLRLKEIEHLRKINRNSSDDPSPGSAMVKILKLMDQVDSYIPTPDRDVHLPFLMSVEDVFSITGRGTVATGRVERGTVQLGDSIELLSAWSYEIDISGSIETVVTDLETFKKALTKREAGDNVGILLRSIGKGDVQRGAVLSAPGTICSHKSMEAQVYILTKEEGGRHTPIFPGYRPQFYVRTTDVTGTVQSINPPEDRLKTRNKERFDSQRDNLTSIDSDTASSDIKSIAIPGDRVQMVVELIRPVAVEVGLRFAIREGGRTVGAGIVTGLRS,x,MYLKKFLFLRLASRFIRRSSAIAYPIFAQQNYRIPREANGRIVCANCHLAQKFVEIEVPQAIFPDIVFETTIKIPYDLDLQQILGNGKLGNLNVGAVLVLPDGFQLAPSDRLTTKMKTQKLYFQPYSREQKNILVIGPVPGSNYQEMNFPILVPNPTLEKTIRYNKYPLYAGGNRGRGQVYPDGSKSNNTIYTSSATGTVKDILPIEKKGGYQVFIEIMDGSLVTEIVPPGPKLVVKIGQNIQADDPLTNNPNVGGFGQAEGEIILQNPERIFGLFIFFISVFLTQIFLILKKKQFEKVQLTEINF,y,y,y,y,y,y,y,y,y,MTITLEQIIITGIHLGHLTQCWNPKIAAYIYGVRNGSHLIDLVITRTQLKIAQHFLVQIRGEGRSVLFVGNELHTKQIVKERALVSKCFFVKGRWLGGILTNLPTIQTSLLQLHRLEQEKKNGLWRNLTKKNVTLLRKKLQRKQQLKGLQGMKSVPGIVVILTQKRNNIAIQECKKIQIPTICLLDTDCDPSIVNIGIPINDDSGARIQLFLETILLSIYEGHRWWLSKKVKQQTKIYKRTFKKRTRLARTGYFFEIYSYYKPE,x
Karlodinium veneficum,red,142981,"Karlodinium veneficum chloroplast, partial genome - Nucleotide - NCBI (nih.gov)",Dinoflagellata,,,Missing AA info/ atpA and petA are self-translated,MAREKFKRLGKPHINIGTIGHVDHGKTTLTAAISGALTMYSSIYRKKFDEIDSAPEEKARGITINTAHIEYETVKRHYAHVDCPGHADYVKNMITGAAQMDAGILVVSASDGAMPQTREHILLAYQVGVPYLVIFLNKVDRVYIEVLEITSEDEIFQEMTTEVNVKDLKWCEELIQMVGEEVLDLLKGYNFPIKNLPILSGSALLAVKALDQGCTKMGEDKWLDNIYKLMKTVDNYIPTPYRDIQKPFLLAIEDVFSITGRGTVATGRIERGQVHVGDIIEIIGLNEKYTTTVTGLEMFQKTLDQGIAGDNIGVLLRGIQKSEIDRGMVLAFPGSITPHSKFIAEAYILTEEEGGRHTPFFTGYRPQFYLRTTDVTGIISTITDLFENNEKGMVLPGDRIRLTVELINPVAVEEGMRFAIREGGRTVGAGVVSHVLE,y,MIMSNVFHFFLNSMLAVNTLVSVKGNFYLNFKNSNFLERLNIFSNYILDIDSTKQSSFPLFATDQYISPKSQNGSVVCANCHTKGNDVEVSMPQAIWLIRNKSLIDATLQIKVDALAKQIAATGKSADLNMSSISIFPYEVSIESDSNNNNREKKVSPYMMGFSKTTEVLLGGVIGRGQIFPSGELSNNIPIFAPINGYVYKIFSSNGQKQSISIRHENENVVLLERIPILSKLKVKLGQLIFKGEFLTINTNIGGIGQLNRELSIQEYVRLKSIMLFVLWCALAQNILIIKKKQFIKIQELEYCG,y,y,,,y,y,y,y,y,MSFANFIKSYGHLGIHRRNWKPAIFSYIFKKEITYLKFDLIQTQTALIKVSFKIQKFADANKNFKILIIGTSLESKKVIRYYFSFSNRFFYVTHKWKGGIVSNWQETKKRINRLIKEIILSKLRSKAYLKALRRCEELKEQIVGLKSLKYIPKMVIFTDPTYDNYALKECHHRGLKVVALVDTDCDLEIINYPIPINTRCSGAIQEALQILLDIHPFYFRNRDLSHWAYWALRAKNKNGEFI,x
,,,,Dinoflagellata,,,"s. K. veneficum, true for most Dinoflagellates",,,,?,,,,,,,,,,
,,,,Dinoflagellata,,,,,,,?,,,,,,,,,,
,,,,Dinoflagellata,,,,,,,?,,,,,,,,,,
Euglena viridis,green,91616,"Euglena viridis culture-collection ATCC:PRA110 chloroplast, complete g - Nucleotide - NCBI (nih.gov)",Euglenida,,,,MARQKFERTKPHINIGTIGHVDHGKTTLTAAITMALAATGNSKAKKYEDIDSSPEEKARGITINTAHVEYETKNRHYAHVDCPGHADYVKNMITGAAQMDGAILVVSGADGPMPQTKEHILLAKQVGVPNIVVFLNKEDQVDDAELLELVELEVRETLNNYEFPGDEIPVVSGSALLSVEALTQNPKLTRGENKWVDKILDLMDQVDSYIPTPVRDTDKDFLMAVEDVFSITGRGTVATGRVERGTVKVGETVELVGLKNTRTTTVTGLEMFQKSLDEALAGDNVGILLRGIQKNDIERGMVISKPGTINPHTKFDSQVYILTKEEGGRHTPFFEGYRPQFYVRTTDVTGKIESFRSDNDTPAQMVMPGDRIKMEVELIQPIAIEKGMRFAIREGGRTVGAGIVLTIIK,MVKIRPNEVSKIIRQQIEKYNQELKIVNVGTVLQVGDGIARIYGLEKVMAGELVEFDEGTIGIALNLEADNVGAVLMGDGLNLQEGASVKATGKIAQIPVGEGYLGRVVNALARPIDGKGEISTTESRLIESPAPGIISRRSVYEPLQTGLVAIDAMIPIGRGQRELIIGDRQTGKTAVATDTILNQKGQGVICVYVAIGQKASSVAQIVTTLEQRGALEYTIIVAENADSPATLQYLAPYTGASLAEYFMYTGRHTLVIYDDLSKQAQAYRQMSLLLRRPPGREAYPGDVFYLHSRLLERAAKLSNELGEGSMTALPIVETQAGDVSAYIPTNVISITDGQVFLSADIFNSGIRPAINVGISVSRVGSAAQIKAMKQVAGKLKLELAQFAELEAFSQFSSDLDQATQNQLARGSRLRELLKQSQSSPLVVSDQVATIYTGINGYLDDLEVGKVKEFLSGLREYINTTKPNYKQIIDTTKTFTPEAESIIKTSIAEYKKTFIK,x,?,,,,,,,,,MVTLEQMLISSVHLGHQVQQWNPKMSPYIYGERNGIHIIDLLQTLVCLKKVCNFLSKSSKMGKTVLFVGTKRQFASVIENYAIESNSYYVTQRWLGGLLTNWSTIKNCLDNLQQLNKQEIDGSLDRLTKKESLILKKRKSKLEKHLSGIINMTKIPDIVIIIGQNRELNAVKECLKLGISIITILDTNCDPTLTDFLIPANDDSLSSIALILKSFCESIKDS,x
Euglena gracilis,green,143171,"Euglena gracilis chloroplast, complete genome - Nucleotide - NCBI (nih.gov)",Euglenida,,,,MARQKFERTKPHINIGTIGHVDHGKTTLTAAITMALAATGNSKAKRYEDIDSAPEEKARGITINTAHVEYETKNRHYAHVDCPGHADYVKNMITGAAQMDGAILVVSAADGPMPQTKEHILLAKQVGVPNIVVFLNKEDQVDDSELLELVELEIRETLSNYEFPGDDIPVIPGSALLSVEALTKNPKITKGENKWVDKILNLMDQVDSYIPTPTRDTEKDFLMAIEDVLSITGRGTVATGRVERGTIKVGETVELVGLKDTRSTTITGLEMFQKSLDEALAGDNVGVLLRGIQKNDVERGMVLAKPRTINPHTKFDSQVYILTKEEGGRHTPFFEGYRPQFYVRTTDVTGKIESFRSDNDNPAQMVMPGDRIKMKVELIQPIAIEKGMRFAIREGGRTVGAGVVLSIIQ,MIRVRPNEVTRIIRQQVKKYRQELKIVNVGTVLQVGDGIARIYGLEKVMAGELVEFDEGTIGIALNLEADNVGAVLMGEATNLKEGASVKTTGKIAQIPVGRGFLGRVVDALARPIDGKGDIASFTTRLIESPAPGIVSRRSVHEPLQTGLIAIDAMIPIGRGQRELIIGDRQTGKTAVATDTILNQKGQGVICVYVAIGQKASSVSQIVTTLEKRGAMEYTIIVAENADSSATLQYLAPYTGAALAEYFMYNGKHTLVIYDDLSKQAQAYRQMSLLLRRPPGREAYPGDVFYLHSRLLERAAKLSDELGQGSMTALPIVETQAGDVSAYIPTNVISITDGQVFLSADIFNSGIRPAINVGISVSRVGSAAQIKAMKQVAGKLKLELAQFAELEAFSQFASDLDQATQNQLARGARLRELLKQPQASPLSVADQVATIYTGINGYLDDINLEDVRGFLIELREHINNEKPTFKEIINKTKTFTQEAELLLKFTIIDLKKNFKKRIK,x,?,,,,,,,,,MITVEKMLNSSVHLGHKVKQWNPRMRIYIYGERKGLHIIDLLQTIVCLKKACNFLIRSVRKGKRALFVCTKRFFSILTQKIALKCNSFFVTKRWLGGILTNWITIKNCINKLKQLSKQKEKHHNLLTKKERLVLKKKKLKLKKYFSGMRDMTERPEIVIIIGQNKEINAVRECKKLGIASITILDTNCDPTLTKYPIPSNDDSILSVSLILSVLCNSINRGVNNKVRQKFDKYKKFKKLS,x
Monomorphina aenigmatica,green,74746,"Monomorphina aenigmatica strain UTEX1284 chloroplast, complete genome - Nucleotide - NCBI (nih.gov)",Euglenida,,,,MARQKFERTKPHINIGTIGHVDHGKTTLTAAITMALAATGNSKAKRYEDIDSAPEEKARGITINTAHVEYETKNRHYAHVDCPGHADYVKNMITGAAQMDGAILVVSGADGPMPQTKEHILLAKQVGVPNIVVFLNKEDQVDDKELLELVELEVRETLNNYEFPGDEIPVVSGSALLSVEALTQNPKTIKGENKWVDKILELMDKVDEYIPTPVRDTDKDFLMAVEDVFSITGRGTVATGRVERGTVKVGETVELVGLKNTRTTTVTGLEMFQKSLDEALAGDNVGVLLRGIQKADIERGMVIAKPGTINPHTKFDSQVYILTKEEGGRHTPFFEGYRPQFYVRTTDVTGKIESFRSDNDSPAQMVMPGDRIKMEVELIQPIAIEKGMRFAIREGGRTVGAGIVLSIIK,MVKIRPNEVSRIIRQQIEKYNQELKVVNVGTVLQVGDGIARIYGLEKVMAGELVEFDEGTVGIALNLEADNVGAVLMGDGLKLQEGASVKATGKIAQIPVGENFLGRIVDALARPIDGKGEISSTNTRLIESPAPGIISRRSVYEPLQTGLVAIDAMIPIGRGQRELIIGDRQTGKTAVATDTILNQKGENVVCVYVAIGQKASSVAQIVTNLEQRGAMEYTIIVAENADSPATLQYLAPYTGAALAEYFMYTGRHTLVIYDDLSKQAQAYRQMSLLLRRPPGREAYPGDVFYLHSRLLERAAKLSNELGEGSMTALPIVETQAGDVSAYIPTNVISITDGQVFLSADIFNSGIRPAINVGISVSRVGSAAQIKAMKQVAGKLKLELAQFAELEAFSQFASDLDQATQNQLARGSRLRELLKQSQSSPLVVADQVATIYIGINGYLDDVEVDNVRSFLIGIREYINTTKPNFKQIISTTKTFSPEAESILKSAISEYKKTFLK,x,?,,,,,,,,,MVTLEAMLSSSVHMGHQVQQWNPRMSPYIYGERNDIHIIDLLQTLVCLEKACSFLRVMAQKNKKILFVSTKRQFGSIIESCAVASNSYFVTQRWLGGMLTNWSTIKVCIDNLQMLIKQELDGSFNRLSKKEALILRKKKKKLEKYLSGIKDMGNIPDVVILVGQSREMNAVKECLKLGIPLITILDTNCDPTLTDFLIPANDDSVSSVALILNELNKAIIK,x
Cyanophora paradoxa,glauco,135599,"Cyanophora paradoxa cyanelle, complete genome - Nucleotide - NCBI (nih.gov)",Glaucophyta,,,,MARQKFDGNKPHVNIGTIGHVDHGKTTLTAAITTALASQGKGKARKYDEIDAAPEEKARGITINTAHVEYETEKRHYAHVDCPGHADYVKNMITGAAQMDGAILVVSAADGPMPQTREHILLAKQVGVPNMVVFLNKEDQIDDADLLELVELEVRELLSKYDFPGDQIPFVSGSALLALESLSSNPKLMRGEDKWVDKILALMDAVDEYIPTPERPIDKSFLMAIEDVFSITGRGTVATGRIERGAIKVGETVELVGLKDTKSTTVTGLEMFQKTLEEGMAGDNIGILLRGVQKTDIERGMVLAKPGSITPHTQFESEVYVLTKDEGGRHTPFFSGYRPQFYVRTTDVTGSIDAFTADDGSNAEMVMPGDRIKMTVSLVHPIAIEQGMRFAIREGGRTIGAGVVSKILK,MVSIRPDEISSIIRQQIEQYDQEIQVSNVGTVLQVGDGIARVYGLDKVMSGELLEFEDGTIGIALNLEADNVGVVLMGDGRNILEGSSVRATQKIAQVPVGDAVIGRVVDALARPIDGKGDIATTDTRLIESSAPGIISRKFVYEPLQTGITAIDAMIPIPRGQRELIIGDRQTGKTAVAIDTILNQKGQGVVCVYVAIGQKASSVAQVVGVLQEKGALDYTVIVAANADDPATLQYLAPYTGASIAEYFMYKGQHTLVIYDDLSKQAQAYRQMSLLLRRPPGREAYPGDVFYLHSRLLERAAKLSPQLGEGSMTALPIVETQAGDVCAYIPTNVISITDGQIFLSADLFNSGLRPAINVGISVSRVGSAAQIKAMKQVAGKLKLELAQFDELKAFSQFSSDLDKATQLQLARGERLRELLKQQQYAPLPVEEQVAVIYTGINGFLDNIETKQVSAFISNLRENLSVKRAKFGEIIRSEKALTAEAENLLKDAISDCKQAFLSNI,y,y,y,y,y,y,y,y,n,y,MAIVTLDEMLEAGVHFGHQSRRWNPKMSQYIFTERNGIHIIDLVQTAQLLAEAYDFLRISAEEGKKVLFIGTKRQAANIIAQEATRCGAFYINQRWLGGTLTNWTTIQSRVEYLKELEMREESGALDLLPKKEAAILRRQLEKLRKSLGGIQTMRHIPDIVVIVDQKRENNAVQECKKLNIPIIALLDTNSDPDVVDIPIPGNDDAIRSIKLIIGKLADAILEGSHTKTSSAE,y
Glaucocystis incrassata,glauco,137017,"Glaucocystis incrassata strain SAG 229-2 plastid, complete genome - Nucleotide - NCBI (nih.gov)",Glaucophyta,,,,,,,,,,,,,,,,,
Gloeochaete wittrockiana,glauco,143343,"Gloeochaete wittrockiana strain SAG 46.84 plastid, complete genome - Nucleotide - NCBI (nih.gov)",Glaucophyta,,,,,,,,,,,,,,,,,
Chlamydomonas reinhardtii,green,203828,"Chlamydomonas reinhardtii chloroplast, complete genome - Nucleotide - NCBI (nih.gov)",Green Algae,Chlorophyceae,,,MSRAKFERKKPHVNIGTIGHVDHGKTTLTAAITMTLAAAGGSVGKKYDEIDSAPEEKARGITINTAHVEYETEKRHYAHVDCPGHADYVKNMITGAAQMDGAILVVSGADGPMPQTKEHILLAKQVGVPNVVVFLNKEDQVDDKELLELVELEVRETLDKYEFPGDEIPVVPGSALLALEALIENPKTQRGENKWVDKIYQLMDNVDSYIPTPQRETDKPFLLAVEDVLSITGRGTVATGRVERGALRISDNVEIVGLRPTQTAVVTGLEMFKKTLDETLAGDNVGVLLRGVQKKDIERGMVIAKPGTITPHTKFEAQVYVLTKEEGGRHSAFMIGYQPQFYVRTTDVTGKVVGFNHIQMRNPSSVAEEHSNKMAMPGDRISMTVELINPIAIEKGMRFAIREGGRTVGAGVVTNIVQ,MAMRTPEELSNLIKDLIEQYTPEVKMVDFGIVFQVGDGIARIYGLEKAMSGELLEFEDGTLGIALNLEANNVGAVLLGDGLKITEGSRVRCTGKIAEIPVGEAYLGRVVDGLARPVDGKGAVQTKDSRAIESPAPGIVARRSVYEPLATGLVAVDAMIPVGRGQRELIIGDRQTGKTAIAVDTILNQKGKGVICVYVAIGQKASSVAQVLNTLKERGALDYTIIVMANANEPATLQYLAPYTGATLAEYFMYTGRPTLTIYDDLSKQAQAYREMSLLLRRPPGREAYPGDVFYLHSRLLERAAKLNNALGEGSMTALPIVETQEGDVSAYIPTNVISITDGQIFLAAGLFNSGLRPAINVGISVSRVGSAAQPKAMKQVAGKLKLELAQFAELEAFSQFASDLDQATQNQLARGARLREILKQPQSSPLSVEEQVASLYAGTNGYLDKLEVSQVRAYLSGLRSYLANSYPKYGEILRSTLTFTPEAEGLVKQAINEYLEEFKSQAKAA,y,y,y,y,y,y,y,y,y,y,MNVYVTLKTKLVAELRQIKQTLQTERNIIRVLRRKLKQIAAQKRFIKFLPKLRYLPTPVTKIEQTARFLVKKFVDPKMKYPMDSIYDKKLSRQSKKVAASRKKKWQRLEKYLGGISNMTKIKEKQIANNVAIIIGQQEEMNAVRECQKLGIKMFHIVDTNCNPGLADHFIPANDDARNSIKFILGKFLTRIRLAHKIKVKFKKTSLKK,x
Chlorella vulgaris,green,156202,"Chlorella vulgaris chloroplast, complete genome - Nucleotide - NCBI (nih.gov)",Green Algae,Trebouxiophyceae,,,MAREKFQRKKPHVNIGTIGHVDHGKTTLTAAITMALAARGGAKGRKYDDIDSAPEEKARGITINTAHVEYETENRHYAHVDCPGHADYVKNMITGAAQMDGGILVVSGADGPMPQTKEHLLLAKQVGVPNIVVFLNKEDQVDDAELLELLELEIRETLDKYEFPGDEIPIISGSALLALEALTENPETKPGDNKWVDKIYNLMDQVDSYIPTPERETEKPFLMAVEDVFSITGRGTVATGRVERGCVKIGDTVELVGLRDTKTTTVTGLEMFQKTLDESVAGDNVGILLRGVQKIDIERGMVLAKPGSILPHTKFEAQVYVLNKEEGGRHTPFFPGYRPQFYVRTTDVTGKIESFRADDNTATQMVMPGDRIKMIVELIQPIAIEKGMRFAIREGGRTVGAGVVSTIVI,MVKIRPDEISSIIKQQIEQYQQEVKAVNVGTVFQVGDGIARIYGLDKVMAGELVEFEDGTVGIALNLEAKNVGAVLMGEGTRVQEGSSVRATGKIAQIPVGDGYLGRVVNSLARPIDGKGEIATKENRLIESPAPGIISRRSVHEPLQTGIVAIDAMIPIGRGQRELIIGDRQTGKTAIAVDTILNQKGKDVVCVYVAIGQKASSIAQVVNTLQERGAMDYTIIVAATADSPATLQYLSPYTGAALAEYFMYTGRHTLVIYDDLTKQAQAYREMSLLLRRPPGREAYPGDVFYLHSRLLERAAKLNDKLGSGSMTALPVVETQEGDVSAYIPTNVISITDGQIFLSADIFNAGIRPAINVGISVSRVGSAAQPKAMKQVAGKLKLELAQFAELEAFSQFASDLDQATQNQLARGQRLRELLKQSQSSPLSLEDQVASIYAGTNGYLDVLPADRVRAFLVGLRQYLATNKAKYGEILRSTNALTDEAQTLLKEALKEYTEEFLASAK,y,y,y,y,y,y,y,y,y,y,MLQKVKLEDMIQSGMHFGHSTREWNPRMAPYIYGERNGRHILDLVQTYYLLNKVLAFLEEQAAQGKTFLFVGTKQQAAPLIAKTALACESFYVNQRWLGGMLTNWRTIQKSLRKLQEYRRAEERGDWNLLKKQEVARKRREKDRLEKYLSGVENMSRLPGVVILIGQTEEIHAVKECRQLGIPTVTLLDSNCDPNLADWFLPANDDSVSALRLILAWFQQAIQTGQLRSLEREAAKKQKIKKTGVKISGNRRTSSITKKRNPASSKI,x
Chara vulgaris,green,184933,"Chara vulgaris chloroplast, complete genome - Nucleotide - NCBI (nih.gov)",Green Algae,Charophyceae,,,MAQEVFQRTKPHVNIGTIGHVDHGKTTLTAAITMTLAVNSTCTPKKYDEIDAAPEERARGITINTAHVEYETASRHYAHVDCPGHADYIKNMITGAAQMDGAILVVSAADGPMPQTKEHILLAKQVGVPSIVVFLNKEDQVDDEEILQLVDLEVRESLINYEFPGDKVPVVAGSALMALQALTEKPNTLRGENKWVDKIYELMDAVDSYIPTPKRDIEKPFLMPIEDVFSIQGRGTVATGRIERGILKLGDIVELIGLNEKIRSTVVTGLEMFRRLLEQGFAGENIGVLLRGIEKKDIERGMVIAQPGTIEPHTRFEAQVYILRKEEGGRHSPFFAGYRPQFFVRTADVTGVIEAFEYDNGDKTRMVMPGDRVKMIVNLICPIAIEKKMRFAIREGGRTIGAGVVLQILDSTQLKSKNK,MVSNIGIRPAEISSIIRKKIEEYDQEVKIVNIGTVLQVGDGIARIYGLDQVMAGELLEFEDNTVGIALNLESDNVGAVLMGEGLTIQEGSSVKATGKIAQIPVGDSYLGRVVNALARPIDGKGDIDTSESRLIESPAPGIISRRSVYEPMQTGLIAIDSMIPIGRGQRELIIGDRQTGKTAVAVDTILNQKGQDVICVYVAIGQKASSVAQVVNTFEDRSALSYTIVVAETANSSATLQYLAPYTGASLAEYFMYKGRHTLVVYDDLSKQAQAYRQMSLLLRRPPGREAYPGDVFYLHSRLLERAAKLSSQLGEGSMTALPIVETQAGDVSAYIPTNVISITDGQIFLSADLFNAGIRPAINVGISVSRVGSAAQIKAMKQVAGKLKLELAQFAELEAFAQFASDLDKATQNQLARGQRLRELLKQAQSSPLSVEEQVATIYTGINGYLDKLETQQVRKFLTEFRIYLSSNKLEFIEILKSTKTFTDKAETKLKEALHEFTEEFLTSA,y,y,y,y,y,y,y,y,y,y,MSDQSFYFLSPMNHLYSKTNLEEMLEAGVHFGHQSHKWNPRMAPYIFSERKGVHIIDLIQTSNLLHEACDFLANAASNKKEFLLVGTKFQASDLIKSEALKSRCHYVNQRWLGGMLTNWMTIETRIQRLKNLETQEKLGAFHHLPKKDAAHLKRQLNQLQKYLGGMKYMKNLPDVVIIVDQQKEIIAVQECRVLGIPIIALVDTNCDPEIVDIPIPANDDARSSIRWILSKLTAAIRDNRF,x
Spirogyra maxima,green,129954,"Spirogyra maxima culture-collection UTEX:LB 2495 chloroplast, complete - Nucleotide - NCBI (nih.gov)",Green Algae,Zygnemophyceae,,,?,MLMVKIRPDEISSIILKQIEQYNQEIQVANIGTVLQVGDGIARIYGLDKVMSGELLEFEDGTIGIALNLESDNVGAVLMGSGLTIQEGSSVKATGKIAQIPVSEAYLGRVVNALARPIDGKGDIEASESRLIESPAPGIISRRSVYEPMQTGLIAIDAMIPIGRGQRELIIGDRQTGKTAVATDTILNQKGQNVVCVYVAIGQKASSVAQVVNTFEERGAMDYTIIVSEAANSPATLQYLAPYTGATLAEYFMYKGRHTLVVYDDLSKQAQAYREMSLLLRRPPGREAYPGDVFYLHSRLLERAAKLGSELGEGSMTALPIVETQAGDVSAYIPTNVISITDGQIFLSADLFNAGIRPAINVGISVSRVGSAAQIKAMKQVAGKLKLELAQFAELEAFAQFASDLDKATQNQLARGQRLRELLKQAQSAPLSVEEQVATIFTGVNGFLDVLEVAQVKSFLVELREYLVNNKPKFSEIIRSTKTFTDEAQAILKTAIQEYTEIFLSR,y,y,y,y,n,y,y,y,y,y,MKEMHWNINLYEMLEAGVHFGHQARKWNPKMTPWIFTERNGIHIINLTQTARALCEACDFLASASKKGKQFLLVGTKHQAADLVAEAAIKARCHYVNHKWLGGMLTNWSTIETRLQKLAELEAQESLGILTRLPKKEAAIFKRELSQLRKYLGGIKYMTVLPDVVIIIDQKQELSAIKECIKLGIPTICLVDTDCDPDLTEMPIPANDDARASIRCILEKLTLAIREGRASYS,x
Desmodesmus abundans,green,155193,"Desmodesmus abundans strain FBCC-A1277 chloroplast, complete genome - Nucleotide - NCBI (nih.gov)",Green Algae,Chlorophyceae,,,MARAKFERKKPHVNIGTIGHVDHGKTTLTAAITMALAALGGATGKKYDEIDSAPEEKARGITINTAHVEYETENRHYAHVDCPGHADYVKNMITGAAQMDGAILVVSGADGPMPQTKEHILLAKQVGVPNMVVFLNKEDQVDDPELLELVELEIRETLDKYEFPGDEIPIVSGSALLALEALVENSSIKRGENKWVDKIYDLMDRVDEYIPTPDRETDKPFLLAIEDVLSITGRGTVATGRVERGTLKVGENVELVGLKDTKSTVVTGLEMFKKTLDETMAGDNVGVLLRGVQKKEIERGMVLAKPGSITPHTKFEAQVYVLTKEEGGRHSPFLVGYQPQFFIRTTDVTGKIVSFTHIQMKNPSSVAEEHSNKMAMPGDRIEVTVQLIYPVAVEKGMRFAIREGGRTVGAGVVTNIVD,MSMRTPEELSNLIKDLINEYTPEVKMVDFGIVFQVGDGIARIYGLDRVMSGELLEFEDGTLGIALNLEANNVGAVLLGDGLKITEGSRVRCTGKIAEIPVGEAYLGRVVDALARPVDGKGAIATSDSRAIESPAPGIVSRRSVYEPLQTGLVAVDAMIPIGRGQRELIIGDRQTGKTAIAVDTILNQKGKGVICVYVAIGQKASSVAQVLNTLKERGALDYTIIVMANANEPSTLQYLAPYTGATLAEYFMYTGRPTLTIYDDLSKQAQAYREMSLLLRRPPGREAYPGDVFYLHSRLLERAAKLSDALGEGSMTALPVVETQEGDVSAYIPTNVISITDGQIFLSGDLFNAGIRPAINVGISVSRVGSAAQPKAMKQVAGTLKLSLAQFAELEAFSQFASDLDTATQKQLARGSRLREILKQPQNSPLSVAEQVASIYTGTNGYLDTLEVSDVRPFLAGFRTYLVNNVPQYGEILGKTNTFTPEAESLLKKALTDFLAEFGATKTN,y,y,y,y,y,y,y,y,y,y,MEVREKNLKQTKTFQKNPKKFGPQNGKENLQQGDILTVKIRALGSKNIGVAELRNGTTLLVPNTKCGENVQVKIEKVFLSQESDSKKVKYAVGTVVQLALEGKTDKFSRKSFQFDLKVGQKFKVTIQKKGPKNSGFVPISPNFLIIVPNAKVGEKLVVQIQKIKQNYAFATPVVSEKENTVKISDFVRHENTFVGQEFHIDLPATAKTFGNFYVVKFHGRIVFVKKGLGVQSRDRVQIQIQKATENFAIAKIQKISPLSVDERKAQVKRSLEKMIQSSMHFGEKAIHCNANMRKYLWYRKNGSHLFGHSTGSVQNSALRPSGEAGRNGTFQTSQNHHSNSFSFFSAPQSPGGSNESLFHSQFGNLASSRGGKAKKGDQKPMVKRGRHILNLFKTERCFHHALKQLAKYAAKGKTFLFVGTKKPAASLIAKTALLSHTSFFVNTRWLGGMLTNWKTILKSIAQIRPLLKQKQKIQKKIFEKRQKIQRRLFLKVSLLRKKSQKFLSKGKYLISQILKSQTSRIEKSQKLLQRKNALFAANLSLVNASKKLKAKKIERFQKIQAFEVAATKIVLQKKQLRSLLAKNLEKFAELEKFYEIGQEFLKLKNSFESAQQGNAKKFVAVSYTTIEKMKETGTQTNVENWQVPNPSPEIFKKMISLLFTYKKGNISHPSFEKEKNTTFSNRSKSTEMKKQTASNLLFSKFLNKFLLFLPFLQNSLHQLSAEILSGQKILENFQKTFEKIVQVQKIYKEMYQKTVVQFSFVCSKLVLQRKNFEAFQFAFKQFAAEERLLKFLPKFRYFPTSKAKMYETLEFFMKKFVDPKFIYPMEQIYDQKLKFTSKKIATTRKQKWQRLEKYFGGITKMAKMNKKQISKNVAIIVGQQEEMSAVRECRKLGMKIFAIVDTNCDPKFADHIIPANDDSRNSIHYVLGEMLRYIRLGQKLRRKISFRSKMRQTLNQKRRFSS,x
Pediastratum duplex,green,232554,"Pediastrum duplex voucher EL0201CT chloroplast, complete genome - Nucleotide - NCBI (nih.gov)",Green Algae,Chlorophyceae,,,MARAKFERKKPHVNIGTIGHVDHGKTTLTAAITMALAAQGGGAGKKYDEIDSAPEEKARGITINTAHVEYETENRHYAHVDCPGHADYVKNMITGAAQMDGAILVVSGADGPMPQTKEHILLAKQVGVPNMVVFLNKEDQVDDAELLELVELEVRETLDKYEFPGDEIPIVTGSALLALEALVENPSTKRGENKWVDKILDLMDQVDKYIPTPERETDKPFLLAVEDVLSITGRGTVATGRVERGTLKVGDNVELVGLKDTKSSVVTGLEMFKKTLDETMAGDNVGVLLRGVQKKDIQRGMVLAKPGTITPHTKFEAQVYVLTKEEGGRHSPFLVGYQPQFFVRTCDITGKVTAFNHVEMRTPSSVAEEHSNKMAMPGDTILMTVQLISPIAIEKGMRFAIREGGRTVGAGVVTSIVE,MTMRTPEELSNLIKGLIEEYTPEVKMVDFGIVFQVGDGIARVYGLDRVMSGELLEFEDGTLGIALNLEANNVGAVLLGDGLKITEGSRVRCTGKIAEIPVGENYLGRVVDSLARPVDGKGPIATSETRAIESPAPGIIARRSVYEPLQTGLVSVDAMIPIGRGQRELIIGDRQTGKTAIAVDTILNQKGKGVVCVYVAIGQKASSVAQVLNSLKERGALDYTIIVMANANEPSTLQYLAPYTGATLAEYFMYTGRATLTIYDDLSKQAQAYREMSLLLRRPPGREAFPGDVFYLHSRLLERAAKLSNALGEGSMTALPVVETQEGDVSAYIPTNVISITDGQIFLSADLFNSGIRPAINVGISVSRVGSAAQLKAMKKVAGSLKLSLAQFAELEAFSQFSSDLDQATQNQLARGSRLREILKQPQNSPLSVADQVASIYAGTNGFLDSLSVEQVRPFLSGFRNYLAQNCPQYGEIVAKTSDFTPEAEGLLKTAIQEYLEDFKSQNVA,y,y,y,y,y,y,y,y,y,y,MQTNYKQRFTNENSNGRKLSSKIKIGDFLSLKINALGPKKIGLVELNNGLTLLVPNTNLGDIVKVKLEKVFSIPSLRDKTQKTKNQPKYALGSVVQVLKKTNISTTTELEIGKILDLTIKRKGPKNSGLVPISDNFTIIVPNTKVGDTVKVEITKIKPTYAFGKIAHFGRAETTAKNTSLSLPFASAKPKRSSGSKVLHSQSEGISFSDAEAKKMQNEKTFKLTKNKTYNILIPSNAKSVANFFVFKLNGNLLFVKKSLGIQFGDSAKILIIRTRAKFAIAKILKLNPISNFKKDLIVKNEIKKMIESGIHYGERAIRCNANMRSYIWLRKKGRNKNRPFLKRGRHVINLLKTRLCLKKAFIQLAKYAYLGQTFLFVGTKKPAASLIARTAVLSQTAFFVNSRWLGGMLTNWKTILKSISQIRPILKEKQKVIHNLLEKRQKIKEHLFNKVNMLRKKSRKLMIKGKKLIQQLQKNPNYFIEKSQQLMKLKRLFLIQSKNLMENYSNIFIKQEKILNFTKILKEKENELMQQKIYLKNIMQNDKNTFVSFKKLFLIGQELMKLKQQTNQSENILWAVSYEKFNQILEEEAATNKKNSIVPSPSTEILYKILSTMKIKFDPLEMSYNKISNKQMNKSKSTTHEAKTKNLIISKLLDKFTLYLPFIKNYMNLLIQRLQNCNFIYEKFNQDLQQIREKLNEFSKLTNNIKKVTNNIQSQFLQQIFLFNKLNQKLRLLSSEQRLLKFLPKLRFLPTTKNKMYERVELLMKKFVDPRMNYPMDQIYDQKLRLTSKKIAATRKQKWQRLEKYFGGVTQMSKMSKAQISNNVAIIVGQQEEMNAVRECKKLGIKMFTIIDTNCNPKLSDHVIPANDDSRTSIQYILGQMLTYIRFAQKLRRKVALKKSLVFL,x
Pleodirina starii,green,269857,"Pleodorina starrii plastid, complete genome - Nucleotide - NCBI (nih.gov)",Green Algae,Chlorophyceae,,,MSRSKFERKKPHVNIGTIGHVDHGKTTLTAAITMTLAARGGSVGKRYDEIDSAPEEKARGITINTAHVEYETEMRHYAHVDCPGHADYVKNMITGAAQMDGAILVVSGADGPMPQTKEHILLAKQVGVPNIVVFLNKEDQVDDKELLELVELEVRETLDKYEFPGDEIPVVPGSALLALEALIANPKIQRGENKWVDKIYTLMDNVDSYIPTPQRETDKPFLLAVEDVLSITGRGTVATGRVERGTLKISDVVEIVGLKPTQSAVVTGLEMFKKTLDETIAGDNVGVLLRGVQKKDIERGMVIAKPGTITPHTKFEAQVYVLTKEEGGRHSAFMIGYQPQFYVRTTDVTGKVVGFNHIQMRNPSSVAEEHSNKMAMPGDRISMTVELINPIAIEKGMRFAIREGGRTVGAGVVTNIVV,MAMRTPEELSNLIKDLIEQYTPEVKMVDFGIVFQVGDGIARIYGLEKAMSGELLEFEDGTLGIALNLEANNVGAVLLGDGLKITEGSRVRCTGKIAEIPVGEAYLGRVVDALARPVDGKGAIVTKDSRAIESPAPGIVSRRSVYEPLATGLVAVDAMIPVGRGQQRELIIGDRQTGKTAIAVDTILNQKGKGVICVYVAIGQKASSVAQVLNTLKERGALDYTIIVMANANEPATLQYLAPYTGATLAEYFMYTGRPTLTIYDDLSKQAQAYREMSLLLRRPPGREAYPGDVFYLHSRLLERAAKLNNALGEGSMTALPIVETQEGDVSAYIPTNVISITDGQIFLSASLFNSGLRPAINVGISVSRVGSAAQPKAMKQIAGSLKLSLAQFAELEAFSQFASDLDNATQAQLARGARLREILKQPQSTPLSVEDQVASIYAGTNGYLDKLEVAQVRSFLSGFRSYLANSYPKYGEILRSTLTFTPEAEGLVKQAISEYLEEFKSSTKAA,y,y,y,y,y,y,y,y,y,y,MIKTQKKKQYINKQKKLIPGNFVELKITAVGANNVGINEFSYGIPVLVPNGKLGDTVRVKILKILSSAVTAKKIAISKLVKVLNSTRIKQENIKLPILTTGTNLEIIINKLGPNSTGFADLPNIYNNVNKLIVKKPNIKVGEKLNVLVTRVKKEYAFAVVNSLTQTGSTLSPNIVTIDSKEATKQLALKGPKYTVVLPKKAKRYLKHIVFKVVNPILQKATVNGFASHNTTNFETTVQSDTILFVKPSLGAKLGDKVQIQITKFFKIQDCNVHSLKYNVLIAKIIKLNPISITQKKSLVRANLRQMLRSGMHYGEKAIKCNARMKNYVWTRKKGLDNKFTRLTANSIPNTSNFNASNVRSKLSTLIGQHKPKSPLQTKSREARPLIQKGRNIINLLKTRRCLNKALAQLTKFAVKGKTFLFVGTKKAASSLVSKAALFSKKAFFVNTRWLGGMLTNWKTILKSISKIRPILKEKQIIIKDILQKRQNIKTRLIQKALLLRKKSKLMLKKGRLLIQMLKQNNVGKNNSRFLFAEKTNLLNNKRKEFVSKGILLLEKRQQLFVKRQELILQSQTLKSKATQLTNTYRQLLNNLMLSRKKLRELKALLLISQELQAFKQQAKQNNQKLFMISYNKYKTLNSNFILSNPPKEILNKMVSIIKGQAFIIKNNNLNLKSINNNKILIVSQLLSKFNLFVPTIKLSIKNLQSYISTLQLSLNKVVGSLNIVKNKMMVYVKLKNKLVTELQTIKQILFIFRNNIRLLRRKLKQIAAQKRLIHFLPKLRYLPTPANKIEQTTRFLMKKFVDPKMKYPMDKIYDEKLIRQSKKVAASRKKKWQRLEKYLGGISNMTKIQEKQIRNNVAIIIGQQEEMNAVRECQKLGIKMFHIVDTNCNPGFADHFIPANDDARNSIKFILGKFLTRIRLAQKVKNRFKKAKNKKVNNQKLKIKIFKTTPL,x
Pyramimonas parkeae,green,101605,"Pyramimonas parkeae chloroplast, complete genome - Nucleotide - NCBI (nih.gov)",Green Algae,Pyramimonadophyceae,,Within the clade (Pyramimonadales) Euglenids should sister to,MAREKFTRTKPHVNIGTIGHVDHGKTTLTAAITMALAAVSGMEAKGYAEIDSAPEERARGITINTAHVEYETDERHYAHVDCPGHADYVKNMITGAAQMDGAILVVSGADGPMPQTKEHILLAKQVGVPNIVVFLNKEDQVDDAELLELVELEVRETLSNYEFPGDDIPVVAGSALLALEALTESPTIKKGENEWVDKILTLMDKVDEYIPTPERETDKAFLMAVEDVFSITGRGTVATGRVERGVVKVGETVELVGLANTRQTTVTGLEMFQKSLDEALAGDNVGILLRGIQKEEIERGMVIAKPGTILPHTKFDSQVYILTKEEGGRHTPFFEGYRPQFYVRTTDVTGKIESFRADDDSETQMVMPGDRIKMEVELIQPIAIEKGMRFAIREGGRTVGAGVVLEIKA,MVKIRPDEISSIIRQQIESYNKEVKVVNVGTVLQVGDGIARIYGLEKVMAGELVEFQDGTVGIALNLESDNVGAVLMGSGLSIQEGDSVKATGKIAQIPVGEAFLGRVVDALARPIDGKGAITSDGSRLIESPAPGIISRRSVYEPLQTGLVAIDSMIPIGRGQRELIIGDRQTGKTAVATDTILNQKGESVICVYVAIGQKASSVAQIVTTLEEKGAMEYSIIVASNADSPATLQYLAPYTGASLAEYFMYTGRHTLVIYDDLSKQAQAYRQMSLLLRRPPGREAYPGDVFYLHSRLLERAAKLSNELGEGSMTALPIVETQAGDVSAYIPTNVISITDGQVFLSADIFNSGIRPAINVGISVSRVGSAAQIKAMKQVAGKLKLELAQFAELEAFAQFASDLDQATQNQLSRGVRLRELLKQAQSSPLVVADQVVTIYTGVNGYLDPIQVQDVKEFLIGLREYVNTAAPKIGESIRETKAFSADTEELLKGAIAEFTATFLASKK,MFIIKINFYRIMQNFFSVRFRIQAIFAMFFLSFSLPSEAYPIYAQQGYENPREATGRIVCANCHLAQKPVDIEVPQAVLPDSVFEAVVEIPYDQQVKQVLGNGKKGPLNVGAVLILPEGFQIAPPERISDELKAKVNNLYFQPYSEDKKNIIVVGPVPGKTYSEMTFPILSPDPSTNKDVYFLKYPLYLGGNRGRGQLYPTGEKSNNTVYNASAEGIITKITIGKKTSEVVIEKSNGTVVTDTIPAGPEFIVSEGQTIKVDQPLTNNPNVGGFGQTETEIVLQDPSRVQGLIVFLAFTIVGQTFLVLKKKQYEKVQLAEMNF,y,y,y,y,y,y,y,y,y,MITLEQMLDAGVHFGHQVRRWNPKMEPFIYGERNGIHIIDIVQTLSCIEKISEFLTQEKKKGKTILFVGTKRQAAPVIQTAAINSNSHYVNQRWLGGMLTNWATMKTCIEKLRKIEKLEETGVLNSLPKKELALLKKRREKLEKYFGGVKTMPNLPDIVILVGQPRETNAVKECNKLGIRTITILDTNCDPDLADFFIPANDDSIRSVELVLGELTEAIKKGQKD,x
Cymbomonas tetramitiformis,green,84524,https://www.ncbi.nlm.nih.gov/nuccore/NC_030169.1,Green Algae,Pyramimonadophyceae,,s. Pyramimonas parkeae,MARQKFERTKPHVNIGTIGHVDHGKTTLTAAITMALAMKGGATAKGYQDIDSAPEEKARGITINTAHVEYETESRHYAHVDCPGHADYVKNMITGAAQMDGAILVVSGADGPMPQTKEHILLAKQVGVPSIVVFLNKEDQVDDEELLELVEMEVRETLCNYEFPGDDIPVTTGSALLALEALTEAETIAPGDNSWVDKIYALMDSVDEYVPTPLRDTEKTFLMAVEDVFSITGRGTVATGRVERGEVKVGETVELVGLCETRQTTVTGLEMFQKSLEEALAGDNVGILLRGIQKTDIERGMVIAKPGTINPHTKFDSQVYILTKEEGGRHTPFFQGYRPQFYVRTTDVTGKIESFRADDDSPTQMVMPGDRIKMEVELIQPIAIEKGMRFAIREGGRTVGAGVVLEIIE,MVKIRPDEISSIIRQQIEQYNQEVKVLNVGTVLQVGDGIARIYGLEKVMAGELVEFEDGTVGIALNLESDNVGAVLMGDGLSIQEGASVKATGKIAQIPVGEAFLGRVVDALARPIDGKGDITADTTRLIESPAPGIIARRSVYEPLQTGLVAIDAMIPIGRGQRELIIGDRQTGKTAVATDTILNQGGQEVICVYVAIGQKASSVAQIVTTLEERGAMDYSIIVAENADSPATLQYLAPYTGASLAEYFMYTGRHTLVIYDDLSKQAQAYRQMSLLLRRPPGREAYPGDVFYLHSRLLERAAKLSDALGEGSMTALPIVETQAGDVSAYIPTNVISITDGQVFLSADIFNSGIRPAINVGISVSRVGSAAQIKAMKQVAGKLKLELAQFAELEAFAQFSSDLDQATQNQLARGVRLRELLKQAQSAPLTVEEQVVTIYTGVSGFLDVLEVDEVKDFLIGLREYVNTNKSDLIEIVKSTKTFTPEAEGMLKEAIAEYTAIFKAA,MQRDFRVLVLFSILCLTFPSVSEAYPIYAQQGYENPREATGRIVCANCHLAQKPVDIEVPQAVLPDSVFEAVVKIPYDMQVKQVLGNGKKGPLNVGAVLILPDGFQIAPSDRIPEELKAKVGDLYFQPYSEDKTNMIVVGPVPGKTYSEMVFPILSPDPAKDKDVYFLKYPLYLGGNRGRGQIYPTGEKSNNTIYNASVSGVITDIAKISPKKGGYNITVETTSGTSVVEKVPPGPELVVSKGQSITVDQPLTNNPNVGGFGQTETEVVLQDVGRIQGLMVFFAFVMIGQVFLVLKKKQFEKVQLAEMNF,y,y,y,n,y,y,y,y,y,MVTLEQMLDSGVHFGHQVRKWNPKMAPYIYGERNGIHIIDILQTLIYLEECCKFLFQASQQGKTILFVGTKRQATKVIESAAIKAEAHYVNQRWLGGMLTNWSTMQICIEKLKVLEKQELDGTLDSLPKKESSLLKKRKEKLEKYFGGVKNMSKIPDIVVIVGQPKEANAVKECLKLNIRTISLLDTNCNPQLADLFIPANDDSIRSVELIINELTDAIINGRLPSGE,x
Pedinomonas minor ,green,98340,https://www.ncbi.nlm.nih.gov/nuccore/NC_016733.1,Green Algae,Pedinophyceae,,Within the clade (Pedinophytes) Lepidodinium chlorophorum (green dinoflagellate) should sister to,MAREKFERKKPHVNIGTIGHVDHGKTTLTAAITMTLAAAGGAIGKKYDEIDSSPEEKARGITINTAHVEYETEKRHYAHVDCPGHADYVKNMITGAAQMDGAILVVSGADGPMPQTKEHILLAKQVGVPNVVVFLNKEDMVDDPELLELVELEVRETLDKYEYPGDEIPVVPGSALLALEAVVATPTVKRGENKWVDKIYQLMDSVDSYIPTPERETDKPFLMAVEDVFSITGRGTVATGRVERGTVKVGDNIEIVGLGETTKATTVTGLEMFQKTLEESVAGDNVGILLRGVQKNDIQRGMVLSKPGSITPHTKFDSQVYVLTKEEGGRHTPFFPGYRPQFYVRTTDVTGKIESFRADDNSEAQMVMPGDRIRMIVELIQPIAIEKGMRFAIREGGRTVGAGVVSAILK,MVKIRPDEISSIIRQQIEQYTQEVKVVNVGTVFQVGDGIARIYGLEKVMAGELLEFEDGTVGIALNLESKNVGAVLMGEGRSVREGSSVRATGKIAQVPVGDAFLGRIVSPLAVPIDGKGEIPAQGSRLIESGAPGIISRRSVHEPLQTGLVSIDAMIPIGRGQRELIIGDRQTGKTAVAVDTILNQKGKGVICVYVAIGQKASSIAQVVNSLNERGAMDYTIIVAATADSPATLQYLAPYTGAALAEHFMYTGRHTLVIYDDLSKQAQAYREMSLLLRRPPGREAYPGDVFYLHSRLLERAAKLNDALGSGSMTALPIVETQAGDVSAYIPTNVISITDGQIFLSADLFNSGLRPAINVGISVSRVGSAAQTKAMKQVAGKLKLELAQFAELEAFAQFSSDLDQATQNQLARGQRLRELLKQPQASPLSVAEQVATIYTGTNGYLDKIRVDQVRAFLAGLRQFLSNKKSRYGQILAETNALNAEAEGLLKEAIAEYTEEFLATNK,MFQRNQKINFSASSLISFIAFCFISFTATTASAYPIFAQQKFAYPREATGRIVCANCHLAQKPVELEIPQSVLPDTVFEAVVKIPYDKQIQQVLANGKKGDLNVGAVLILPEGFQLAPPDRIPEEMKNKVGKLYFSPYSAEQKNILVVGPVSGKQYSDMVFPILSPNPETDKTAKYLKYAVYLGGNRGRGQVYPDGSKSNNTVYTASTSGKIVEINRIETKKGGTQVVIETATGDKVTDTIPAGPELLVKVGQQVKADQPITNNPNVGGFGQAEAEIVLQNPVRVQGLLVFFSFVLLTQIFLVLKKKQFEKVQLAEMNF,?,,,,,,,,,MQLTLEQMVKAGMHFGHQSRKWNPKMAPYIYGERNGIHLIDLVQTFTKLKEVKAFLADQASQGKTFLFVGTKNQAARLVSKAAIEANSFFVNHRWLGGMLTNWKTIRTSLANLDRLEQLEESGGFEQLPKKEAANLKKVKERLTRYLGGLKGMSRIPDVVIIIGQPDEITAVYECNRLGIRTVTVLDTDCDPSLADMVVPANDDSVASIQLLLQEFVSSIQDGKREWQEKGGAQKKFAKRKVFSKTARPKRTKKTAE,x
Pedinomonas tuberculata,green,126694,"Pedinomonas tuberculata culture-collection SAG:42.84 chloroplast, comp - Nucleotide - NCBI (nih.gov)",Green Algae,Pedinophyceae,,s. Pedinomonas minor,MARGKFERKKPHVNIGTIGHVDHGKTTLTAAITMTLAAIGGAVGKKYDEIDSAPEEKARGITINTAHVEYETENRHYAHVDCPGHADYVKNMITGAAQMDGAILVVSGADGPMPQTKEHILLAKQVGVPNIVVFLNKEDMVDDPELLELVELEVRETLDKYEYPGDEIPVVPGSALLALEAVVANPNIKSGENKWVDKIYKLMQSVDTYIPTPQRETDKPFLMAVEDVFSITGRGTVATGRVERGTIKVGDNIEIVGLMETTKATTVTGLEMFQKTLEESVAGDNVGVLLRGVQKTDIQRGMVLAKPGTITPHTKFDSQVYILTKEEGGRHTPFFSGYRPQFYVRTTDVTGKIESFTADDGSTTQMVMPGDRIRMVVELIQPIAIEKGMRFAIREGGRTVGAGVVSAILK,MVKIRPDEISSIIRQQIEQYNQEVKVVNVGTVFQVGDGIARIYGLEKVMAGELLEFEDGTVGIALNLEAKNVGAVLMGEGRSVREGSSVRATGKIAQVPVGDAFLGRIVNALAVPIDGKGEIASKGSRLIESNAPGIISRRSVHEPLQTGLVSIDAMIPIGRGQRELIIGDRQTGKTAVAVDTILNQKGKNVVCVYVAIGQKASSIAQVVNTLQERGAMDYTIIVAATADSPATLQFLAPYTGASLAEYFMYTGRHTLVIYDDLSKQAQAYREMSLLLRRPPGREAYPGDVFYLHSRLLERAAKLSDALGSGSMTALPIVETQAGDVSAYIPTNVISITDGQIFLSADLFNSGLRPAINVGISVSRVGSAAQTKAMKQVAGKLKLELAQFAELEAFSQFASDLDQATQNQLARGQRLRELLKQAQASPLSVAEQVATIYAGTNGYLDRFRVDQVRAFLIGLRQYLSSKKSRYGQIVAESNTLNAEAETLLKEAIAEYGDEFLATNK,MLKINQKIKFSVISLFAFFFSIISSNSANAYPIFAQQKFAYPREATGRIVCANCHLAQKPVEIEVPQAVLPDTVFEAVVKIPYDKQIQQVQGNGKKGDLNVGAVLILPEGFQLAPTDRIPEEMKNKVGKVYFSPYSPEQKNILVVGPIPGKKYSEIVFPILSPNPETDKTANYLKYPIYLGGNRGRGQLYPDGSKSNNTVYTASTSGKVVEINPVEKKGGYQVIIETASGDKVTDILPPGPELLIKVGQQIQADQVITNNPNVGGFGQAETEIVLQNPARIQGLLVFFSFVLLTQIFLVLKKKQFEKVQLAEMNF,?,,,,,,,,,MQLTLEQMVKAGMHFGHQARKWNPKMAPYIYGERNGIHLIDLVQTFTKLKEVKIFLKDQTSDGKTVLFVGTKNQATKLVSKAALESNSFFVNHRWLGGMLTNWKTIRASLTKLDKLEQLEVTGALNNFPKKEAANLRKLKERLTRYLGGLKGMTKIPDIVVIIGQPDEITAVYECNRLGIRSVTILDTDCDPSLADLFIPANDDSVGSIQFLLEELVSSINEGKTQFIEKGGNNQKKGLKRRSTGRTPVAPKRLSKRLPGSIEATSPRTKKVEPAG,x
Bryopsis plumosa,green,106859,"Bryopsis plumosa chloroplast complete genome, strain West4718 - Nucleotide - NCBI (nih.gov)",Green Algae,Ulvophyceae_DTS,Bryopsidales,s. Ostreobium quekettii,MVREKFERTKPHLNIGTIGHVDHGKTTLTAAITMALAAVGQAKPKDYNDIDSAPEEKARGITINTAHVEYETESRHYAHVDCPGHADYVKNMITGAAQMDGAILVVSGADGPMPQTKEHILLAKQVGVPSIVVFLNKADQVDDEELLELVELEVRETLNEYEFPGDDIPITSGSALLALEALTENPDASRTEDPWVKKIYDLMNEVDNYIPLPTRDTDKPFLMAIENVVSITGRGTVTTGRVERGAVQVGDNIEIVGLKETRQATITGLEMFQKTLEKSVAGDNVGVLLRGIQKEEVERGMVLAKPGSITPHKQFEAQVYILKKEEGGRHTSFFAGYRPQFYVRTTDVTGKINSFQSDDNVEIKMVMPGDRIKMNVELIQPIAIEKGMRFAIREGGRTVGAGVVSTILD,MVKIRADEISSIIRQQIEQYNQEVKVVNIGTVFQVGDGIARIYGLEKVMAGELLEFADGTIGIALNLETKNVGAVLMGEGTAVQEGSSVRATGKIAQIPVGENFLGRIVTPLAKPIDGKGEIETTETRLIESNAPGIISRRSVYEPLQTGLMAVDSMIPIGRGQRELIIGDRQTGKTAIAVDTILNQKGKGVICVYVAIGQKASSIAQVVTTLQERDALEYTIIVAATADSPATLQYLAPYTGATLAEFFMYTGRHTLVIYDDLSKQAQAYREMSLLLRRPPGREAYPGDVFYLHSRLLERAAKLSDKLGGGSMTALPIVETQEGDVSAYIPTNVISITDGQIFLSSDIFNSGIRPAINVGISVSRVGSAAQPKAMKKIAGKLKLELAQFAELEAFSQFASDLDQATQNQLARGQRLREILKQPQASPLSLADQVATIYAGTNGYLDTVPVEQVRSFVTGLRQYLSTNKYTDIIMSTNTFSEEAETLLKEALETYLKEFA,MSIQISLRQFINKSINTLFLCGIFLYANPQDTFAYPIFAQQNYENPREPNGRLVCANCHLAQKPVEIEVPQSVLPDTVFEAIVKIPYDQQVQQVLVNGKKGSLNVGAVLILPPNFQLAPKDRISPELKKKINRLSFQPYSAERQNILVVGPVPGKKYSEMVFPILSPDPNKDKDISYLKYPLYVGGNRGRGQVYADGSKSNNTVYTASTAGKIQSININQKGEAEISVSNETGDLINQTIPAGPQIIVKQDQMVTLDQPLTNNPNVGGFGQKDTEIVLQNPARLQGLLVFFASILLTQIFLVLKKKQFEKVQLFEMNF,?,,,,,,,,,MKQTLQKMIQAGVHFGHPKDQWNPKMLPYIYKEKNGIHIIDIVQTWFYLKKISKFLEEACSQGKQILFVGTKKQASKIIESTASDSNSFFVNERWLGGLLTNWSTIQKSIFKLNSLEKYENFQNFSKKEKVKLEKQKQRLEKYIGGLKKMQQLPDIVIIIGQQKELNAVKECQKLGIRTITLLDTNCNPLLADLFIPANDDSIASIKLIITELAKSIKNGYSIYQQKKQQLKKI,x
Ostreobium quekettii,green,81997,"Ostreobium quekettii genome assembly, organelle: plastid - Nucleotide - NCBI (nih.gov)",Green Algae,Ulvophyceae_DTS,Bryopsidales,Within the clade (Bryopsidales) Chlorachniophytes should sister to,MAREKFERSKPHVNIGTIGHVDHGKTTLTAAITMALAVKGSAKGQKYDDIDSAPEEKARGITINTAHVEYETENRHYAHVDCPGHSDYVKNMITGAAQMDGAILVVSGADGPMPQTKEHILLAKQVGVPSIVVFLNKTDQVDDEELLELVELEVRETLNKYEFPGDDIPICSGSALLALEALMDNPDTDQAKENSWVKKIYKLMDLVDEYIPVPDRETDKPFLMAVENVVSITGRGTVATGRVERGALKVGETIEIVGLKGTKSTTVTGLEMFQKTLEESVAGDNIGVLLRGVQKEDLQRGMVLAKPGSITPHTQFESQVYILTKEEGGRHTSFFAGYRPQFYVRTTDVTGKIESFKADDNSEIKMVMPGDRIKMQVTLIQPIAIEKGMRFAIREGGRTVGAGVISNIIE,MVKIRPDEISSIIRQQIEQYNQEIKVINVGTVFQVGDGIARIYGLERVMAGELLEFADGTIGIALNLESKNVGAVLMGKGLTVQEGSSVRATGKIAQIPVGESFLGRIVNPLARPIDGKGEISTTESRLIESPAPGIISRRSVYEPLQTGLVAVDSMIPIGRGQRELIIGDRQTGKTAIAIDTILNQKGKNVICVYVAIGQKASSIAQVVKELQERGALEYTIIVAAPADSPATLQYLAPYTGASLAEFFMYKGTHTLVIYDDLSKQAQAYREMSLLLRRPPGREAYPGDVFYLHSRLLERAAKLNDTLGGGSMTALPIVETQEGDVSAYIPTNVISITDGQIFLSGDIFNSGIRPAINVGISVSRVGSAAQPKAMKQVAGKLKLELAQFAELEAFSQFASDLDQATQNQLARGTRLRELLKQPQSSPLSLPDQVATIYAGINGYLDNIDIEKVRPFLIGFRQYLSNSKFEKIIESTNQFTEEAESFLKDALKEYSSEFS,MIINNFQNKLQKFIFVVVVFLNLIWISSAHAFPIFAQQNYNNPREANGRIVCANCHLAQKPVEIEVPQSVLPDTVFEAVVKIPYDQQVKQVLANGKKGDLNVGAVLVLPEGFELAPKDRISPELKKKVNKLFFQPYSQDQKNILVVGPVPGNKYQEMVFPILSPDPSKNKNISYLKYPIYVGGNRGRGQVYADGSKSNNTIYSASAAGNITDIQILEENGQNKGYAITIQTPTGNNIIDQVPPGPTLIVKKGDNIQLDQSLTNNPNVGGFGQRDTEIVLQNPARIQGFLIFLICIFLTQIFLVLKKKQFEKVQLFEMNF,y,y,y,y,y,y,y,y,y,MAITIKTMIQKGLHFGHSRQAWNPKMTPYIYMESNNIHIIDLIQTYSHLKQVLRFLASSAAQGKTILFVGTKRQSSKLVSKIARSCGSFFVTERWLGGLLTNWSTVQKSIAKLNDLELQEKNNSFDGLPKKEIIKLKKEKNRLNKYLGGLKRMKLPPDILIIIDQKKEINAVLECRKLGIRSITILDTNGDPSIADLFVPANDDSITALSFILEEFLKYIKYGQRKFNKFQRDLH,x
Tetradesmus obliquus,green,161452,"Acutodesmus obliquus strain UTEX 393 chloroplast, complete genome - Nucleotide - NCBI (nih.gov)",Green Algae,Chlorophyceae,,,MARAKFERSKPHVNIGTIGHVDHGKTTLTAAITMALAALGGATGKKYDEIDSAPEEKARGITINTAHVEYETPNRHYAHVDCPGHADYVKNMITGAAQMDGAILVVSGADGPMPQTKEHILLAKQVGVPNMVVFLNKEDQVDDAELLELVELEVRETLDKYEFPGDEIPIVSGSALLALEALVENPKIQRGDNKWVDKIFDLMDKVDEYIPTPDRETDKPFLLAVEDVLSITGRGTVATGRVERGTLKVGENVELIGLKDTKATVVTGLEMFKKTLDETMAGDNVGVLLRGIQKKDVERGMVLAKPGSITPHTKFEAQVYVLTKEEGGRHSPFLVGYQPQFFIRTTDVTGKIVSFTHIQMKNPSSVAEEHSNKMAMPGDRIEVTVQLIYPVAVEKGMRFAIREGGRTVGAGVVTNILEE,MSMRTPEELSNLIKGLIEEYTPEVKMVDFGIVFQVGDGIARIYGLDRVMSGELLEFEDGTLGIALNLEANNVGAVLLGDGLKITEGSRVRCTGKIAEIPVGENYLGRVVDALARPVDGKGAISTNDTRAIESPAPGIVSRRSVYEPLQTGLVAVDAMIPIGRGQRELIIGDRQTGKTAIAVDTILNQKGKGVICVYVAIGQKASSVAQVLNSLKERGALDYTIIVMANANEPSTLQYLAPYTGATLAEYFMYTGRPTLTIYDDLSKQAQAYREMSLLLRRPPGREAYPGDVFYLHSRLLERAAKLSDALGEGSMTALPVVETQEGDVSAYIPTNVISITDGQIFLSGDLFNAGIRPAINVGISVSRVGSAAQIKAMKQVAGTLKLSLAQFAELEAFSQFASDLDAATQKQLARGSRLREILKQPQNSPLSVEEQVASIYTGTNGYLDSLEVLDVRPFLSGLRTYLTNNVPQYGEIVRKTNTFTPEAESLLKKAITDFLAEFGATKSN,y,y,y,y,y,y,y,y,y,y,MKLVQFFEIGQQLLKTKDFVEKNKNTTVVTLSYEKLLTLQNSTGGDNLQVTATLPNPSPEIFKKMIAIVSNLRKEENGFFATNQMGTSSNRAKSTDTPAVSTSQNVGGANEPKTILISKFLNKFILLLPFFKNSLQTLSDRLVQQEKMLKELNSTFTKITESQKSLKQLYKKTISQYAVVSSKFIVQQNNFKKFQKNLKQFASEQRLLKFLPKLRYLPTSQTKMYEIVELFMKKFVDPKLSYPMEQIYDQKLKFTSKKIAATRKQKWQRLEKYFGGITKMAKMNTKQISKNVAIIIGQQEEMNAVHECRKLGMKIFAVVDTNCNPKFVDHIIPANDDSRNSIKYILGEMLTYIRLGQKLRKKVSLRAKIQQNRKKRFAY,x
Halimeda borneensis ,green,95861,"Halimeda borneensis chloroplast DNA, complete sequence - Nucleotide - NCBI (nih.gov)",Green Algae,Ulvophyceae_DTS,Bryopsidales,,y,y,,y,y,y,y,y,y,y,y,y,,
Prasinococcus sp.,green,85590,"Prasinococcus sp. CCMP1194 chloroplast, complete genome - Nucleotide - NCBI (nih.gov)",Green Algae,Prasinodermophyta?,,Prev. to 2020  one of the Prasinophyte clades (Prasinococcales),y,y,,y,y,y,y,y,y,y,y,y,,
Tetraselmis suecica,green,92103,"Tetraselmis suecica chloroplast, complete genome - Nucleotide - NCBI (nih.gov)",Green Algae,Chlorodendrophyceae,,,y,y,,y,y,y,y,y,y,y,y,y,,
Mesostigma viride,green,118360,"Mesostigma viride chloroplast, complete genome - Nucleotide - NCBI (nih.gov)",Green Algae,Mesostigmatophyceae,,,y,y,,y,y,y,y,y,y,y,y,y,,
Prasinoderma coloniale,green,77750,"Prasinoderma coloniale culture-collection CCMP:1220 chloroplast, compl - Nucleotide - NCBI (nih.gov)",Green Algae,Prasinodermophyta,,,,,,y,y,y,y,y,y,y,y,y,,
Auxenchlorella protothecoides,green,84576,https://www.ncbi.nlm.nih.gov/nuccore/NC_023775.1,Green Algae,Trebouxiophyceae,,,y,y,,y,y,y,y,y,y,n,y,y,,y
Emiliania huxleyi,red,105309,"Emiliania huxleyi chloroplast, complete genome - Nucleotide - NCBI (nih.gov)",Haptophyta,,,,MAREKFERSKPHVNIGTIGHVDHGKTTLTAAISATLAVYSGSKKDISLIDSAPEEKARGITINTAHVEYETETRHYAHVDCPGHADYVKNMITGAAQMDGGILVVSAADGPMPQTREHILLAKQVGVPHLVVFLNKADQVDDEELLELVELEVQELLENYDFPGDDIPFVSGSALLALQAVEGGPKAKGDDKWVDRIFDLMESVDNYIPAPERDTEKTFLMAVEDVFSITGRGTVATGRIERGILKIGDTIEIVGLKDTQTTTVTGIEMFQKTLDEGMAGDNVGILIRGVQKTDIERGMVLAQPGTISPHKKFEAEVYVLGKDEGGRHTPFFTGYRPQFYVRTIDVTGTIVQFTGDDGSAAEMVMPGDRIKMTAELINPIAIEQGMRFAIREGGRTVGAGVVSKILE,MINIRPDEISNIIRQQIESYDQEVQIDNVGTVLQIGDGIARVYGLEQVMAGELLEFDDSTVGIALNLENDNVGAVLMGPGLGILEGSAVRSTGKIAQVPVGDAFLGRVVNSLAKPIDGKGDIPASETRLVESMAPGIITRKSVCEPVQTGITAIDSMIPIGRGQRELIIGDRQTGKTSVAIDTIINQKTEDVICVYVAIGQKASSVAGVVSTLEDKGALGYTIIVAANADEPATLQYIAPYTGAALAEYFMYKGKATVIVYDDLTKQASAYRQMSLLLRRPPGREAYPGDVFYLHSRLLERAAKLSDALGGGSMTALPIIETQAGDVSAYIPTNVISITDGQIFLSGDLFNSGIRPAINVGISVSRVGSAAQTKAMKQVAGKLKLELAQFAELEAFSQFASDLDAATQAELARGVRLREMLKQKQNSPISVEEQVAIIYAGINGYLDTIPVSEVKGFVEKLRSYLRNSAPQFISSIQSEKKLSPENEELLKKILTDLKG,MQISKFFKFVFISVSLCGSLLFPQMANAYPVFAQQAYDNPREATGRIVCANCHLAQKPTEVEVPQAVLPDTVFEAVVNIPYDTKVQQVTASGTPGPLNVGAVVILPEGFKLAPKGRMSDELKAKTKGVFVQPYSKTRPNILVVGPILGEKNREVTFPILAPDPAQDKSVHYLNYPIYVGANRGRGQVYPSGEKSNNNTFTSTAAGKVTAIEAGDKGTTRVTIQTAAGEAKEQTVPAGLKVSVKTGDVIQADQALSYNPNVGGFGQAETEVILQSPNRVKGMIAFFFTVTVAQILLVLKKKQFEKVQAAEMNF,y,y,y,y,y,y,y,y,y,MTVVTLGELLDAGVHFGHQASRWNPKMFPYIYAERNGIHVIDLVQTARLLTHAYEFVQKASQEKKSFLFVGTKRQAASIIAEEAQRCGGHYVNNRWLGGILTNWSTVQKRVEYLKELDAKEEDGTLDRLPKKEAAFLRREQEKLSHNLRGLINMTQIPDIVILVDPKRETTALLECRKLGIPIISILDTNCDPNLVDIPIPANDDAVRSVKLIISTLADGILEGKQSYQ,MEKQTNDSEKVLEEIVVTPYKYGFKTEIENENFPKGLNQEIVDQISRKKDEPLFMSQFRAQAFSQWQKMPSPDWAYLGIPPIDYQNIQYYSVPKTKKKLGSLDEVDPELLKTFDKLGVSLNEQKRLTNVAVDAVFDSVSIGSTFKVELQRAGVIFCSFAEAVERYPELIKKYLGSVVPIGDNFFAALNSAVFSDGSFCYVPKDVKCPMELSTYFRINNEEAGQFERTLIVVEDRGEVGYLEGCTAPQFSTNQLHAAVVELIAFEEAVIKYSTVQNWYAGDENGIGGVYNFVTKRGLCSGRKARIAWTQVETGSAITWKYPSCILAGDSSIGEFYSVALTTNKQEADTGTKMIHLGSNSKSRIISKGISTGNSKNSYRGLVKVSPRAINTQNYSQCDSLLIGKDSSANTFPYLEIQNSETKIEHEASTSKIAEEQLFYLLQRGISMEEAVALMVNGFCKEVFNELPFEFASEADRLLNLKLEGSVG
Isochrysis galbana,red,105872,"Isochrysis galbana isolate OA3011 chloroplast, complete genome - Nucleotide - NCBI (nih.gov)",Haptophyta,,,,MARAKFERSKPHVNIGTIGHVDHGKTTLTAAISATLAIWNAALSKKLDEIDSAPEEKARGITINTAHVEYETETRHYAHVDCPGHADYVKNMITGAAQMDGGILVVSAADGPMPQTREHILLAKQVGVPHLVVFLNKADQVDDEELLELVQLEVQELLENYDFPGDEIPFVSGSALLALQAVETGTKKKGEDKWVDKIYELMEAVDNYIPAPIRDTEKTFLMAVEDVFSITGRGTVATGRIERGVLKIGDTIEIVGLKNTKETTVTGIEMFQKTLEEGMAGDNVGILIRGVQKSEIERGMVLAKPGSIKPHKKFEAEVYVLGKDEGGRHTPFFTGYRPQFYVRTTDVTGTIVQFTGDDGSAAEMVMPGDRIKMTAELINPIAIEQGMRFAIREGGRTVGAGVVSKIIE,MINIRPDEISNIIRQQIESYDQEVKIDNVGTVLQVGDGIARIYGLDQVMAGELLEFEDSTVGIALNLENDNVGAVLMGAGLGILEGSSVRSTGKIAQIPVGDGFLGRVVNSLAKPIDGKGDIASTETRLVESMAPGIITRKSVCEPVQTGITAIDAMIPIGRGQRELIIGDRQTGKTSVAVDTIINQKTEDVICVYVAVGQKASSVASVVTTLEEKGALDYTIIVAANADEPATLQYIAPYTGAALAEYFMYKGKATVIVYDDLTKQASAYRQMSLLLRRPPGREAYPGDVFYLHSRLLERAAKLSDALGGGSMTALPIIETQAGDVSAYIPTNVISITDGQIFLSGDLFNAGIRPAINVGISVSRVGSAAQTKAMKQVAGKLKLELAQFAELEAFSQFASDLDAATQAELARGQRLREMLKQAQNSPIPVEEQVAIIYAGINGYLDSVPVSEVKAFVTKLRGYLRNSVPQFISSIKSEKKLSAENEEVLKKALTDLKA,MKISNFFKSVFISLSLFSALLSPKMAIAYPVFAQQAYDNPREATGRIVCANCHLAQKPTEIEVPQAVLPDTVFEAVVNIPYDTSVKQVTASGAPGPLNVGAVLVLPEGFKLAPKERISNEIKEKTKGVFIQPYSKTRPNILVVGPILGDKNREIVFPILSPDPAQDKSVHYLNYPIYVGANRGRGQVYPSGEKSNNTVFTSTVAGKIESIEAADKGKTNVIVKSVAGESVSQMIPAGLKVSVKVDDVIKVDQALTFDPNVGGFGQTETEIILQNANRVKGMIAFFFTVTIAQILLVLKKKQFEKVQAAEMNF,?,,,,,,,,,MTVVTLGELLDAGVHFGHQASRWNPKMFPYIYAERNGIHVIDLVQTARLLTHAYEYVQKASQEKKSFLFVGTKRQAASIIAEEAERCGANYINHRWLGGILTNWSTVQKRVEYLKELDAKEEDGTLNRLPKKEAALLRRQQDKLNQNLGGLKTMTQIPDIVILVDPKRETTALLECRKLGIPIISILDTNCDPNMVDIPIPANDDAVRSIKLILSTLADGILQGKQSYQ,MNKETSEKVLEEFVVTPYKYGFKTDIENETFPKGIDQQIVVTISEKKDEPEFLKKFRLDAFSQWQKMPNPDWAYLGIPPIDYQDIQYYSVPKTKKKLGSLDEADPELLATFEKLGISLSEQKRLTNVAVDAVFDSVSIGSTFKKQLQKAGVIFCSFAEAVENYPNLIQTYLGSVVPSGDNFFGALNSAVFSDGSFCYIPKDIICPMELSTYFRINNEEAGQFERTLIVAEERSQVSYLEGCTAPQFSSNQLHAAVVELIALDDAIIKYSTVQNWYSGDENGVGGVYNFVTKRGLCRGRNSRISWTQVETGSAITWKYPSCILAGDSSVGEFYSIALTTNYQEADTGTKMIHLAPNTKSRIISKGISAGCSKNSYRGLVKIGPKATNTQNYSQCDSLLLGKTCSANTFPYIEVQNSDTKIEHEASTSKIAEEQLFYLLQRGINPEEAVALMVNGFCKEVFNELPFEFASEADRLLNLKLEGSIG
Chromera velia,red,120426,"Chromera velia strain CCMP2878 chloroplast, complete genome - Nucleotide - NCBI (nih.gov)",Heterokonts,,,psbC might be 2nd psbB,MAREVFDRSKPHLNIGTIGHVDHGKTTLTAAIATILSRGTKNAARSYAEIDSAPEEKARGITINTAHVEYETELRHYAHVDCPGHADYIKNMITGAAQMDGAILVVAATDGIMPQTTEHLLLARQVNVPYIVCFLNKEDLLDDPELLEIVEAELQEELEKYQFSTDVPFVSGSALKALEYVVANPNWEPGDNKWVDRIIQLMNVVDEYIKTPERDVTKPLLLSIESACSVTGRGTVVTGKIDRGRVVTGQTVNLLGFDKKKSVTITGLEMFRKTLFEALAGDDVGALLRGVQLKEVKRGMVLASPKTLFSSATFIGSVLIISTTDGGRSKPFNVGYKPQFYLRTADCTGRVRGIYSYVSSDGKSAPLDNSNFKKFALPGSSYYLFIEFATKMPLEVGLQFAIREGGITVGAGQIVQVAFSLGESLSDPS,MSSNTSLCKASDGVILSKTLPELQLGELVLFDTGYKGIALTLSQKETCILLLGKPLALISLTNGTSIWPTEHLLKVPVGKRLLGCVVDPLGTILKLPSANTKKSKKKLPYRRIETASPGIIMRQSVDTPVLTGILVVDNLVPIGRGQRELIIGDRQTGKTSIAIDTILNQNCVDGIEYCIYVNIGQRSVTVGEIRKVLEEGGALKYTVLINAASDAGAALQYIAPFVGTTQAEYFLYSGHDCLIIYDDLSKHAQAYRELSLILRRPPGREAYPGDIFYLHSRLLERASKLTSFLGGGSLTALPVIETQGNDVSAYIPTNVISITDGQIYLSQELFNSGIRPALNVGLSVSRVGSAAQPKPIKKLVGPLKITLAQFIELKSFAQFSTELDDATAMILQNGERLQIALTQRQGRPYHLVQSFIRTYVTVNSFLNNIEPAAVLRILDLVVYTYLWFIYSQWSEWIVDSSGNTKMESYFNSLRRNLRRSVGREKKLLLMIGSLNQKAYLKSFAQALGIQFLEAKVGPSNQMELLIGEIFPEIATFLEEEAQKRRAEEEALEKQSQKQNN,MFANFPIYAQQGNLIAREANGKLVCANCHLNNYPIKIYGVRHLINNEVFNLKLSVDRPNSALTQSASLNGSKKFLGLGGIVILPEQFDVVYRPAAENPFIPYSTEEDQTLVVGPLYTNKATLNIPVRSPAAKDGIPTTNMFFGGINRGRGQLTPLGVKTDTNKPELEFSNLSVGQIWRSSKGHLYMTQANSENLYRLNGNLHLTWGDNSAVIVNSPNQGGFGQSEFSTSVLNLEYLVNYLFFTLFCVSAQISLIIYKKDYLVRRSFDTWSYWCRFALPKRKIVVSEETVMVDPNFIVLTGKKYKR,?,,,,,,,,,MIKLDIGKFLTIPELVKANIHLGHHYGLWNRQMLPYLYGIWKGFHIIDVLQTARLISKTYFYLLRTSQNANRHFLFIGTNPLIKSVTKKAAQTAGCFFIDHEVTSGLLTNWLVMKQRKFLFEFLDQITLPVIRAILPILINRSEEEQEFFVTLLTRHQILWSELNGLKGLVTLPRCFIFVDPIYDYELFAQALILKRTLVGLVDSNCNPEHFVAPIPANNDNFMAVKFIFEFLSTAIYRGKLKKFKQSFTRRYIYKLYTFFSLYHHIHLSNLLYWTFLHQKTLVKMPQASY,x
Chromerida sp.,red,85535,"Alveolata sp. CCMP3155 chloroplast, complete genome - Nucleotide - NCBI (nih.gov)",Heterokonts,,,aka RM.11 or CCMP3155 (older),MAREIFERGKPHVNVGTIGHVDHGKTTLTAAITSVLAVTSGGKAKKYDEIDAAPEEKARGITINSAHVEYETSKRHYAHVDCPGHADYVKNMITGAAQMDGAILVVSAADGPMPQTREHILLSRQVGVPNIVVFLNKEDQVDDPELLELVELEVREMLSSYGFPGDDIPCISGSALQALETVQKNPGIKRGDNDWVDKILALMDAVDDYIPTPEREVDKPFLMAVEDVFSITGRGTVATGRVERGKVKVGETIEIVGLKPTRSSTVTGIEMFQKTLEEGVAGDNIGVLLRGIQKTDILRGMVLAAPGSITPHTEFQAEVYILTPDEGGRHKPFFAGYRPQFYVRTTDVTGSITAIKNVSEDGTEEDISMVMPGDKVTIEASLIYPIAVEEGMRFAIREGGRTVGAGLVVKIVK,MATTKSRRRRLRFGGGEVETLGDGIARVKGIKNVQAGEIVIFQDGTRGLALNLEENNVGVVLLGTSYRLSQGSKVFCTAEIARVPVGEDLLGRVVNPLGKPIDGQADYRSAGMSEKRLLLRRIESSAPGIVVRRSVEQPMQTGVIAIDSMIPVGRGQRELIIGDRQTGKTSIALDAIINQVGSKVICVYVAVGQRAYTVGQIKEALETTGALAQTVIVAACANESAALQYISPYVGATVAEHFMYEGCDTLVIYDDLSKQAQAYREISLILRRPPGREAYPGDVFYLHSRLLERAAKLGAAAGGGSMTALPIVETQAGDVSAYIPTNVISITDGQIFLSKDLFNAGVRPAIDVGLSVSRVGSAAQIKALKQVAGKLKLELAQFAELQAFSKFASELDNVTKFRLDRGMRLREMLKQPRTAPIPVEEQIAIIYAGTNGYLDDLSLDQVGPYLKDYRERVRQASTSDKRPYIDTVRTTKVLDDGLQRLLAETAQEVLKNYVRK,MTMSVNFDLSFPIYAQQAYANPREANGRIVCANCHLAAKPVEVETVQAVFPDSSFAVKVTVPYPQNAEQLLGDGSKGPVGVGAVVILPEGFKLAPADRTPKDARFSNSVIPYGPEADNILVVGPVYGEANRELYFPVVSPSDDALGQKYTIYVGANRGRGQVNPNGDKTNNNLVTAPANGEITDVQRKPNGECVISLKTGSGDTLTQKVPRGIDLAVSKGQLVKVDQPLTLDPNIGGFGQSEAGIVLQKKNRLVGLFIFCVGITLAQIFLVLKKKQYERVQLWSM,?,,,,,,,,,MSLVSLESLIKNKVYLGHSKSKWHPRIAFFTRAVVRSHYLIDLVQTAKLLSTAYTYLFKMAKRGHKFLFVGTKAVASPWTKRAAVCCGSFYVNQVWRSGLLTNWTFLRGRVRLLSWFNRVFLWLQKRDSLKALPKGLVLSLERRYTKLSLEMSGLVGLHSVPNIIIIVDPEHEKQAILESIKLRRILVGITDSASHVNSIHMPVPANDDSSLSVKTVLQILSTAILRGKLVRYYVGSL,MNSSFAPYTLPSPTQSLTQALNAPFQYVQYEYGTSLNGLSSHSRLHQGLSTDLIRRVSRLRREPIQIRLFRERAFTWWQKLNIPKWSLFAPPAPECNLQIFYSVPSQDSLTRSKLEDTVNQLNLPAATQGDRKPVAVDTVVGSVSVLATLKLQLMKSGIIFCSLTQAIVQYPWLVQKYLGKVVPVADNFYAALNSAIFSDGSFCFIPKDTKCDVELSTYFRIEDETSGQFERTLVVAETGSYVSYLEGCTAIKYDDNQFHAAVVELLAEAGAEIKYSTVQNWYTGDENGEGGLYNLVTKRGMCVGSQAKISWAQVEMGSAITWKYPSCILMGENSQGEFYSVSFTNSLQQADTGTKMIHIGTGSKSRIISKSISTGLSKNIYRGSVEIGPRAYQAQNFTKCDSILLGPDSLTCTFPYIIASTNKCHVEHEATVQPINQDQLFYLRQRGLPEEYCIGLLVSGFCEEVCEQLPLEFGVETSFLLALKVEESLG
Mallomonas spendens ,red,146918,https://www.ncbi.nlm.nih.gov/nuccore/NC_040135.1,Ochrophyta,,,,y,y,y,y,y,y,y,y,y,y,y,n,,
Arabidopsis thaliana,green,154478,"Arabidopsis thaliana chloroplast, complete genome - Nucleotide - NCBI (nih.gov)",Plant,Angiosperm,,2 rps7 accessions but identical sequence,x,y,y,y,y,y,n,,,,,,y,x
Ginkgo biloba,green,156990,"Ginkgo biloba chloroplast, complete genome - Nucleotide - NCBI (nih.gov)",Plant,Gymnosperm,,2 rps7 accessions but identical sequence,x,y,y,?,,,,,,,,,y,x
Zea mays,green,140384,"Zea mays chloroplast, complete genome - Nucleotide - NCBI (nih.gov)",Plant,Angiosperm,,2 rps7 accessions but identical sequence,x,y,y,y,y,y,n,y,y,y,y,y,,
Dryopteris decipiens,green,150987,"Dryopteris decipiens chloroplast, complete genome - Nucleotide - NCBI (nih.gov)",Plant,Fern,,2 rps7 accessions but identical sequence,x,y,,,,,n,,,,,,,
Aneura pinguis,green,120698,"Aneura pinguis voucher ApinguisCpE chloroplast, complete genome - Nucleotide - NCBI (nih.gov)",Plant,Moss,,psbC only as nucA,x,y,,,,,n,,,,,,,
Adiantum capillus-veneris,green,150568,"Adiantum capillus-veneris chloroplast, complete genome - Nucleotide - NCBI (nih.gov)",Plant,Fern,,2 rps7 accessions but identical sequence,x,y,y,?,,,n,,,,,,y,x
Pinus sylvestris,green,119758,"Pinus sylvestris chloroplast, complete genome - Nucleotide - NCBI (nih.gov)",Plant,Gymnosperm,,,n,,,,,,n,,,,,,,
Porphyra purpurea,red,191028,"Porphyra purpurea chloroplast, complete genome - Nucleotide - NCBI (nih.gov)",Red Algae,Bangiophyceae,,,MARSKFERKKPHVNIGTIGHVDHGKTTLTAAISATLSTLGSTAAKKFDEIDAAPEEKARGITINTAHVEYETDNRHYAHVDCPGHADYVKNMITGAAQMDGAILVVSAADGPMPQTREHILLAKQVGVPTLVVFLNKEDQVDDEELLELVELEGRELLSQYDFPGDDIPFVAGSALLALEAVTKNTSIKKGEDKWVDKIFSLMEAVDTYIPTPERDVDKTFLMAVEDVFSITGRGTVATGRIERGIIKVGDTIEIVGLRETRTTTITGLEMFQKTLEEGLAGDNIGILLRGVQKKDIERGMVLAKPGTITPHTQFEAEVYILTKEEGGRHTPFFPGYRPQFYVRTTDVTGTINQFTADDGTDAEMVMPGDRIKMTAELINAIAIEQGMRFAIREGGRTVGAGVVSKILK,MVNIRPDEISSIIRQQIEKYDQDVEVANIGTVLQVGDGIARVYGLDEVMAGELLEFEDKTIGVALNLESDNVGVVLMGDGRDILEGSSVKGTGKIAQIPVGDAFLGRVVDPLARPIDNKGEPASNGTRLIESMAPGIIGRQSVCEPMQTGITAIDSMIPIGRGQRELIIGDRQTGKTAVALDTIINQKGQDVVCVYVAIGQKASSVAQVVSSLQEKGALDYTIIVTANADSPATLQYIAPYTGAALAEYFMYKGKATLVIYDDLTKQAQAYRQMSLLLRRPPGREAYPGDVFYLHSRLLERAAKLNSDLGGGSMTALPIIETQAGDVSAYIPTNVISITDGQIFLSGDLFNSGIRPAINVGISVSRVGSAAQIKAMKQVAGKLKLELAQFAELEAFSQFASDLDKATQNQLARGQRLREILKQAQNSPIPVEEQTAIIYTGINGYLDDIAVNKVPDFIIKLREDLKNSKPEFGESIRSSKKLDTASEELLKKAIEDVKQGFVKA,y,?,,,,,,,,,MAIVTLAELLEAGVHFGHQARRWNPKMFPYIYTERNGIHIIDLVQTSQLLTEACEFVKQASSDGRKVLFLGTKRQAAGIIAQEAQRCDSYYVNQRWLGGMLTNWVTIKSRVTRLRQLEEQDSSGLIDQLPKKEAAVLRRELDKLRKHLNGIKNMTRLPDIVVVVDQKRETTAIQECLKLGIPTICILDTNCSPEIINIPIPANDDAIRSIKLIIGKIADAIYEGKYGQMEPTELISSAEDK,y
Porphyra umbilicalis,red,190173,"Porphyra umbilicalis chloroplast, complete genome - Nucleotide - NCBI (nih.gov)",Red Algae,Bangiophyceae,,x,MARSKFERKKPHVNIGTIGHVDHGKTTLTAAISATLSTLGSTAAKKFDEIDAAPEEKARGITINTAHVEYETNNRHYAHVDCPGHADYVKNMITGAAQMDGAILVVSAADGPMPQTREHILLAKQVGVPTLVVFLNKEDQVDDEELLELVELEGRELLSQYDFPGDDIPFVAGSALLALEAVTKNTGIQKGEDKWVDKIFSLMEAVDTYIPTPERDVDKTFLMAVEDVFSITGRGTVATGRIERGIIKVGDTIEIVGLRETRTTTITGLEMFQKTLEEGLAGDNIGILLRGVQKKDIERGMVLAKPGTITPHTQFEAEVYILTKEEGGRHTPFFPGYRPQFYVRTTDVTGTINQFTADDGTDAEMVMPGDRIKMTAELINAIAIEQGMRFAIREGGRTVGAGVVSKILK,MVNIRPDEISSIIRQQIEKYDQDVEVANIGTVLQVGDGIARVYGLDEVMAGELLEFEDKTIGVALNLESDNVGVVLMGDGRDILEGSSVKGTGKIAQIPVGDAFLGRVVDPLARPIDDKGEPASNGTRLIESMAPGIIGRQSVCEPMQTGITAIDSMIPIGRGQRELIIGDRQTGKTAVALDTIINQKGQDVVCVYVAIGQKASSVAQVVSSLQEKGALDYTIIVAANADSPATLQYIAPYTGAALAEYFMYKGKATLVIYDDLTKQAQAYRQMSLLLRRPPGREAYPGDVFYLHSRLLERAAKLNAELGGGSMTALPIIETQAGDVSAYIPTNVISITDGQIFLSGDLFNSGVRPAINVGISVSRVGSAAQIKAMKQVAGKLKLELAQFAELEAFSQFASDLDKATQNQLARGQRLREILKQAQNSPIPVEEQTAIIYTGINGYLDDIDVNKVPDFIIELREDLKNSKPDFGKSIRTTKKLDSRSEELLKKAIEDVKQGFAKA,y,?,,,,,,,,,MAVVTLAELLEAGVHFGHQARRWNPKMFPYIYTERNGIHIIDLVQTAQLLTEACDFIKQASSDGKKVLFLGTKRQAAGIVAQEAQRCDSYYVNQRWLGGMLTNWVTIKSRVTRLRQLEEQDSSGIIDQLPKKEAAVLRRELDKLRKHLNGIKNMNRLPDIVVVVDQKRETTAIQECLKLGIPTICILDTNCSPEIINIPIPANDDAIRSIKLIIGKIADAIYEGKYGQMEPTELTHSAEDE,y
Gracilaria changii,red,183855,"Gracilaria changii chloroplast, complete genome - Nucleotide - NCBI (nih.gov)",Red Algae,Florideophyceae,Rhodymeniophycidae,,MARAKFERKKPHVNIGTIGHVDHGKTTLTAAISATLAAANDTKAKKFDEIDAAPEEKARGITINTAHVEYETENRHYAHVDCPGHADYVKNMITGAAQMDGAILVVSAADGPMPQTREHILLAKQVGVPNIVVFLNKQDQVDDEELLELVELEVQELLVQYDFPGEDIPFIAGSALLALEQVTENNNIQRGENEWVDKIHSLMDAVDEYIPTPVRDVEKTFLMAVEDVFSITGRGTVATGRIERGIIKVGDTIEIVGLRETATTTITGLEMFQKTLDEGMAGDNIGILLRGIQKKDIERGMVLAQPGTITPHTQFEAEVYILTKEEGGRHTPFFSGYRPQFYVRTTDVTGTITKFTADDGSAAEMVMPGDRIKMSAELINPIAIEQGMRFAIREGGKTVGAGVVSKILE,MLNIRPDEISNVIRQQIDKYEQEVQVSNIGTVLQVGDGISRVYGLDEVMAGELLEFEDQTIGIALNLESDNVGVVLMGDGRNILEGSSVKATGKIAQIPVGDSFLGRVVDPLARPIDAKGSPNSSETRLIESYAPGIIGRQSVCEPLQTGITAIDSMIPIGRGQRELIIGDRQTGKTAVALDTIINQKGQDVICIYVAIGQKASSVAQVVSTLQEKGALEYTIVVASNADDPATLQYIAPYTGAALAEYFMYKGKATLVVYDDLTKQAQAYRQMSLLLRRPPGREAYPGDVFYLHSRLLERAAKLNSELGGGSMTALPIIETQAGDVSAYIPTNVISITDGQIFLSGDLFNSGIRPAINVGISVSRVGSAAQIKAMKQVAGKLKLELAQFAELEAFSQFASDLDKATQNQLSRGQRLREILKQAQNSPIPVEEQTAIIYTGINGYLDDIELIKVKDFVKALREDLRNSKPEFGESIRTTKKLSEEAEELLKQSIEDVKQAFSV,y,?,,,,,,,,,MSIVSLNELLEAGAHFGHQARRWNPKMFPYIYTERNGIHIIDLVQTAQLLTEACQFIRDASQEGKKFLFLGTKRQAAGVIAEQAVRSNSYYVNQRWLGGMLTNWMTIKSRVDRLQKLEMEEDSGIIDILPKKEAAIYRKELEKLRKNLNGIKNMSKLPDFVIVVDQKRETTAIQECIKLGIPTICILDTNCNPEIIDIPIPANDDAIRSIKLIISKIADSIIEGANL,y
Gracilaria vermiculophylla,red,180254,"Gracilaria vermiculophylla chloroplast, complete genome - Nucleotide - NCBI (nih.gov)",Red Algae,Florideophyceae,Rhodymeniophycidae,x,MARAKFERKKPHVNIGTIGHVDHGKTTLTAAISATLAAANDTKAKKFDEIDAAPEEKARGITINTAHVEYETQNRHYAHVDCPGHADYVKNMITGAAQMDGAILVVSAADGPMPQTREHILLAKQVGVPNIVVFLNKEDQVDDEELLELVELEVRELLAQYDFSDEDIPCVAGSALLALEKVTENNTIQRGQNEWVDKIHSLMDAVDAYIPTPIRDVEKTFLMAVEDVFSITGRGTVATGRIERGIIKVGDTIEIVGLKETTTTTITGLEMFQKTLDEGIAGDNIGILLRGVQKKDIERGMVLAKPGTITPHTQFEAEVYILTKEEGGRHTPFFSGYRPQFYVRTTDVTGTITQFTADDGSAAEMVMPGDRIKMSAKLINPIAIEKGMRFAIREGGKTVGAGVVSKILE,MLNIRPDEISNVIRQQIDKYEQEVEIANIGTVLQVGDGIARVYGLDEAMAGELLEFEDTTIGIALNLESDNVGVVLMGDGRNILEGSSVKATGKIAQIPVGDSFLGRVVDPLARPIDAKGLPSSSETRLIESYAPGIIGRQSVCEPLQTGITAIDSMIPIGRGQRELIIGDRQTGKTAVALDTIINQKGQDVICIYVAIGQKASSVAQVVSSLQEKGALEYTIVVASNADDPATLQYIAPYTGAALAEYFMYKGKATLVVYDDLTKQAQAYRQMSLLLRRPPGREAYPGDVFYLHSRLLERAAKLNMDLGGGSMTALPIIETQAGDVSAYIPTNVISITDGQIFLSGDLFNSGIRPAINVGISVSRVGSAAQIKAMKQVAGKLKLELAQFAELEAFSQFASDLDKTTQNQLSRGQRLREILKQAQNSPIPVEEQTAIIYTGINGYLDDIDLSQVKEFIEALREDLRNSKPEFGESIRTTKKLSEEAEELLKQSIEDVKQAFSV,y,?,,,,,,,,,MSIVSLSELLEAGAHFGHQARRWNPKMFPYIYTERNGVHIIDLVQTAQLLTEACQFIRNAAQEGKKFLFLGTKRQAAGVIAEQAIRSDSYYINQRWLGGMLTNWMTIKSRVERLKKLETEESSGIIDILPKKEAAISRRELEKLRKNLNGIKNMSKLPDFIVVVDQKRETTAIQECVKLGIPIICILDTNCNPEIIDIPIPANDDAIRSIKLIISKIADSIIEGTSYTSHK,y
Chondrus crispus,red,180086,"Chondrus crispus plastid complete genome, strain PCG - Nucleotide - NCBI (nih.gov)",Red Algae,Florideophyceae,Rhodymeniophycidae,,MARAKFERKKPHVNIGTIGHVDHGKTTLTAAISATLAAASDTKAKKFDEIDAAPEEKARGITINTAHVEYETENRHYAHVDCPGHADYVKNMITGAAQMDGAILVVSAADGPMPQTREHILLSKQVGVPNIVVFLNKEDQVDDDELLELVELEVRELLTQYDFPGDDVPFVAGSALLALNKVTNENNIKRGKDKWVDKIHSLMDSIDEYIPTPVRDTEKTFLMAVEDVFSITGRGTVATGRIERGIIKVGDTIEIVGLKKTTTTTITGLEMFQKTLDEGMAGDNIGILLRGVQKKDIERGMVLAQPGTITPHTLFEAQVYILTKEEGGRHTPFFSGYRPQFYVRTTDVTGTITQFTADDGSKAEMVMPGDRIKMSAELINPIAIEQGMRFAIREGGRTVGAGVVSKILA,MVNIRPDEISNIIRQQIDKYDEEVQVANIGTVLQVGDGIARVYGLDDVMAGELLEFEDQTIGIALNLESDNVGVVLMGDGRNILEGSSVKATGKIAQIPVGEGYLGRVVDPLARPIDAKGLPDSSNTRLIESSAPGIIGRQSVCEPLQTGITAIDSMIPIGRGQRELIIGDRQTGKTAVALDTIINQKGEDVICVYVAIGQKASSVAQVVSSLEEKGALDYTIIVAANADDPATLQYIAPYTGAALAEYFMYKGKATLVIYDDLTKQAQAYRQMSLLLRRPPGREAYPGDVFYLHSRLLERAAKLNTNLGGGSMTALPIIETQAGDVSAYIPTNVISITDGQIFLSGDLFNSGIRPAINVGISVSRVGSAAQIKAMKQVAGKLKLELAQFAELEAFSQFASDLDKTTQNQLERGQRLREILKQAQNSPIPVEEQTAVIYTGINGYLDDIDLSQVKEFVTALREDLRNSKPEFGESIRSTKKLSAESEEILKKSIEDVKQAFSV,y,?,,,,,,,,,MAVVSLSELLEAGVHFGHQARRWNPKMFPYIYTERNGIHIIDLVQTAQLLTEACDFIKNCSSEGKKFLFLGTKRQASSIVAEEALRSNSYYINQRWLGGMFTNWLTIKSRVRRLKELEKQDNSGLINQLPKKEAAILRQELYKLRKHLDGIKEMKKLPDLIIIVDQKRETTAIQECIKLGIPTICLLDTNCNPDIIDIPIPANDDAIRSIKLVMSKIADAILEGQISSNVLLN,y
Palmaria palmata,red,192960,"Palmaria palmata plastid, complete genome - Nucleotide - NCBI (nih.gov)",Red Algae,Florideophyceae,Nemaliophycidae,,MARTKFERKKPHVNIGTIGHVDHGKTTLTAAISATLAVTGNTQLKKFDEIDAAPEEKARGITINTAHVEYETDNRHYAHVDCPGHADYVKNMITGAAQMDGAILVVSAADGPMPQTREHILLAKQVGVPHVVVFLNKEDQVDDEELLELVELEVRELLAQYDFPGDDIPFVAGSALLALECVTSNPKTKKGDDKWVDKIYSLMDAIDDYIPTPERDVDKTFLMAVEDVFSITGRGTVATGRIERGIIKVGDTIEIVGIRETRTTTITGLEMFQKTLDEGMAGDNIGILLRGVQKKDIERGMVLSQPGTITPHTQFEAEVYILTQEEGGRHTPFFSGYRPQFYVRTTDVTGTITQFTADDGSTAEMVMPGDRIKMSAQLINPIAIEQGMRFAIREGGRTVGAGVVSKILE,MLNIRPDEISNIIRQQIEKYDQTVKVANVGTVLQVGDGIARVYGLDEVMAGELLEFEDKTIGIALNLESDNVGVVLMGDGREILEGSTVKATGKIAQIPVGDAFLGRVVNPLAKPIDGKGEIPSSETRLIESSAPGIIGRQSVCEPLQTGITAIDSMIPIGRGQRELIIGDRQTGKTAVALDTIINQKGQGVICVYVAIGQKASSVAQVVSALDEKGALDYTIIVAANADAPATLQYISPYTGAALAEYFMYKGKATLVIYDDLTKQAQAYRQMSLLLRRPPGREAYPGDVFYLHSRLLERAAKLDSELGSGSMTALPIIETQAGDVSAYIPTNVISITDGQIFLSGDLFNSGIRPAINVGISVSRVGSAAQIKAMKQVAGKLKLELAQFAELEAFSQFASDLDKATQNQLARGQRLREILKQAQNSPIPVEEQTAIIYTGINGYLDDIPLASVKDFITALREDLKNSKPEFSESIKNTLKLDNESEELLKKAISDVKQAF,y,?,,,,,,,,,MAVVALAELLESGVHFGHQARRWNPKMFPYIYTERNGIHIIDLVQTAQLLTEAYDFVKTCSLEGKKFLFLGTKRQAAEIIAQEAIRSNSYYVNQRWLGGMLTNWVTIKSRVDRLKELEFQDESGLIDQLPKKEGAVTRRELDKLRKHLNGIKKMKSLPDIVVVVDQKRESTAIQECIKLGIPTICVLDTNCNPEIVDIPIPANDDAIRSIKLIIGKIADAIIEGNRELENVV,y
Gelidium vagum,red,179853,"Gelidium vagum plastid, complete genome - Nucleotide - NCBI (nih.gov)",Red Algae,Florideophyceae,Rhodymeniophycidae,,MAREKFERKKPHVNIGTIGHVDHGKTTLTAAISATLAAASNTKAKKFDEIDAAPEEKARGITINTAHVEYETSNRHYAHVDCPGHADYVKNMITGAAQMDGAILVVSAADGPMPQTREHILLAKQVGVPNIVVFLNKEDQVDDQELLELVDVEVRELLEQYNFPGDEIPFVSGSALLALQAINTNESIQRGEDEWVDKIHSLMDAVDKYIPTPVRDVEKTFLMAVEDVFSITGRGTVATGRIERGIIKVGDSIEIVGLKETTTTTITGLEMFQKTLDEGMAGDNIGILLRGVQKKDIERGMVLAQPGTITPHTQFEAEVYILTKDEGGRHTPFFSGYRPQFYVRTTDVTGTITQFTADDGSEAEMVMPGDRIKMSAELINPIAIEQGMRFAIREGGKTVGAGVVSKILK,MVNIRPDEISNIIRQQIDKYDQEIQVANVGTVLQVGDGIARVYGLDEAMAGELLEFEDQTIGIALNLESDNVGVVLMGDGRNILEGSSVKATGRIAQIPVGEGFLGRVVDPLARPIDAKGLPDSPQTRLIESYAPGIIGRQSVCEPLQTGITAIDSMIPIGRGQRELIIGDRQTGKTAVALDTIINQKGQDVVCVYVAIGQKASSVAQVVSTLQDKGALDYTIIVAANADDPATLQYIAPYTGAALAEYFMYKGKATLVIYDDLTKQAQAYRQMSLLLRRPPGREAYPGDVFYLHSRLLERAAKLNADLGGGSMTALPIIETQAGDVSAYIPTNVISITDGQIFLSGDLFNSGIRPAINVGISVSRVGSAAQIKAMKQVAGKLKLELAQFAELEAFSQFASDLDKTTQNQLARGQRLREILKQAQNSPIPVEEQTAIIYTGINGYLDNFELSRVKDFIDALREDLRNSKPEFGESIRTSKKLNPETEEILKQSIKDVKQAFTV,y,?,,,,,,,,,MAIISLADLLEAGVHFGHQARRWNPKMFPYIYTERNGIHIIDLVQTAQLLTEAYEFVKTSSSKGKKFLFLGTKRQAAGIIESEALRSNSYYVNQRWLGGMLTNWVTIKSRIERLKQLEYQESSGIIADLPKKEASMLRRELSKLSKYLQGIKHMKKLPDFVVIVDQKRETTAIQECIKLGIPTICILDTNCNPEVIDILIPANDDAIRSIKLVVSKIADAIIEGQNL,y
Corallina officinalis,red,178183,"Corallina officinalis voucher BM013828926 chloroplast, complete genome - Nucleotide - NCBI (nih.gov)",Red Algae,Florideophyceae,Corallinophycidae,,MLQMITEVLLKNEKKHIVWQKQIKHLHTTAIKRYINKSILKKIIRGLILMAREKFERKKPHVNIGTIGHVDHGKTTLTAAISATLAAANNTTAKKFDEIDAAPEEKARGITINTAHVEYETENRHYAHVDCPGHADYVKNMITGAAQMDGAILVVSAADGPMPQTREHILLAKQVGVPNVVVFLNKQDQVDDDELLELVELEVRELLSQYDFPGDDIPFVAGSALLALEEVTKSPKIQNGENEWVDKIHSLMTAVDDYIPTPERDVDKTFLMAVEDVFSITGRGTVATGRIERGIIKVGDTIEIVGLKETKSTTITGLEMFQKTLDEGMAGDNIGILLRGIQKNEIERGMVLAQPNTITPHTQFEAEVYILTKDEGGRHTPFFSGYRPQFYVRTTDVTGTITKFTADDGSAAEMVMPGDRIKMSAELINAIAIEQGMRFAIREGGRTVGAGVVSKIIE,MVNIRPDEISSIIREQIEKYDQTLQISNVGTVLQVGDGIARVYGLDEVMAGELLEFEDKTIGIALNLESDNVGVVLMGEGREILEGSSVKATGKIAQIPVGEEFLGRVVNPLALPIDGKGKPNTNETRLIESYAPGIIGRQSVCEPMQTGITAIDSMIPIGRGQRELIIGDRQTGKTAVALDTIINQKGQDVICVYVAIGQKASSVAQVVSDLEEKGALDYTIIVAANADDSATLQYIAPYTGAALAEYFMYKGKATLVVYDDLTKQAQAYRQMSLLLRRPPGREAYPGDVFYLHSRLLERAAKLNNDLGGGSMTALPIIETQAGDVSAYIPTNVISITDGQIFLSGDLFNSGIRPAINVGISVSRVGSAAQIKAMKQVAGKLKLELAQFAELEAFSQFASDLDKTTQNQLARGQRLREILKQAQNSPISVEEQVAIIYTGINGYLDDIPLGEVQKFIISLRQDLINSKPEFGEDIRSTKKLNPDNEELLKKAIADVKQGFVS,y,?,,,,,,,,,MLTFVFGDKFKIYMASISLSDLLEAGVHFGHQARRWNPKMFPYIYTERNGIHIIDLVQTAQLLTEAYDLVKNFAADNKKFLFVGTKRQAASIISEQAIRSNSFYVNQRWLGGMLTNWQTIRSRVERLKSLEKQEETGLLDRLPKKEASNLRKELEKLKKHLDGIKNMKKIPDIVIVVDQKREATAIQECIKLGITTICILDTNCNPDLIDIPIPANDDAIRSIKLIVSQIADAILEGQNLHQSNEESTIESSSKYIS,y
Neopyropia yezoensis,red,191952,"Porphyra yezoensis chloroplast, complete genome - Nucleotide - NCBI (nih.gov)",Red Algae,Bangiophyceae,,"Genus debated: Porphyra (old), Pyropia, Neopyropia",MARSKFERKKPHVNIGTIGHVDHGKTTLTAAISATLSTLGSTAAKKFDEIDAAPEEKARGITINTAHVEYETDNRHYAHVDCPGHADYVKNMITGAAQMDGAILVVSAADGPMPQTREHILLAKQVGVPTLVVFLNKEDQVDDEELLELVELEGRELLSQYDFPGDDIPFVAGSALLALEAVTKNPAIKQGEDKWVDKIFSLMEAVDTYIPTPERDVDKTFLMAVEDVFSITGRGTVATGRIERGIIKVGDTIEIVGLRETRTTTITGLEMFQKTLEEGLAGDNIGILLRGVQKKDIERGMVLAKPGTITPHTQFEAEVYILTKEEGGRHTPFFPGYRPQFYVRTTDVTGTINQFTADDGTDAEMVMPGDRIKMTAELINAIAIEQGMRFAIREGGRTVGAGVVSKILK,MVNIRPDEISSIIRQQIEKYDQDVEVANIGTVLQVGDGIARVYGLDEVMAGELLEFEDKTIGVALNLESDNVGVVLMGDGRDILEGSSVKGTGRIAQIPVGDAFLGRVVDPLARPIDDKGEPASNGTRLIESMAPGIIGRQSVCEPMQTGITAIDSMIPIGRGQRELIIGDRQTGKTAVALDTIINQKGQDVVCVYVAIGQKASSVAQVVSSLQDKGALDYTIIVAANADSPATLQYIAPYTGAALAEYFMYKGKATLVIYDDLTKQAQAYRQMSLLLRRPPGREAYPGDVFYLHSRLLERAAKLNAELGGGSMTALPIIETQAGDVSAYIPTNVISITDGQIFLSGDLFNSGIRPAINVGISVSRVGSAAQIKAMKQVAGKLKLELAQFAELEAFSQFASDLDKATQNQLARGQRLREILKQAQNSPIPVEEQTAIIYTGINGYLDDIEVSKVAEFIRELREDLKNSKPEFGENVRSTKKLEPVSEELLKRAIEDVKQGFDKA,y,?,,,,,,,,,MAIVTLAELLEAGVHFGHQARRWNPKMFPYIYTERNGIHIIDLVQTAQLLTEACELIKQASSDGKKVLFLGTKRQAAGIVAQEAQRCDSYYVNQRWLGGMLTNWVTIKSRVSRLRQLEEQDKSGMIDQLPKKEAAVLRRELDKLRKHLNGIKNMTRLPDIVVVVDQKRETTAIQECLKLGIPTICILDTNCSPEIINIPIPANDDAIRSIKLIVGKIADAIYDGKYGQTDLEEITHPTQSEL,y
Cyanidioschyzon merolae,red,149638,"Cyanidioschyzon merolae chloroplast, partial genome - Nucleotide - NCBI (nih.gov)",Red Algae,Cyanidiophyceae,,,y,,,n,,,n,,,,,,,
Porphyridium purpureum,red,217694,"Porphyridium purpureum chloroplast, complete genome - Nucleotide - NCBI (nih.gov)",Red Algae,Porphyridiophyceae,,,y,,,,,,,,,,,,,
Stylonema alsidii,red,204775,https://www.ncbi.nlm.nih.gov/nuccore/NC_062384.1,Red Algae,Stylonematophyceae,,,y,,,,,,,,,,,,,
Compsopogon caeruleus,red,221013,"Compsopogon caeruleus chloroplast, complete genome - Nucleotide - NCBI (nih.gov)",Red Algae,Compsopogonhyceae,,atpB 3x,y,,,,,,n,,,,,,,
Rhodella violacea,red,903688,"Rhodella violacea strain SAG 115.79 chloroplast, complete genome - Nucleotide - NCBI (nih.gov)",Red Algae,Rhodellophyceae,,Huge Plastome (~4-5 times),y,,,,,,,,,,,,,
Bangia fuscopurpurea,red,196746,"Bangia fuscopurpurea chloroplast, complete genome - Nucleotide - NCBI (nih.gov)",Red Algae,Bangiophyceae,,"Same order as Porphyra, 3 species would be oversampling for Bangiophyceae",y,,,,,,,,,,,,,
Rhodymenia pseudopalmata,red,194153,"Rhodymenia pseudopalmata plastid, complete genome - Nucleotide - NCBI (nih.gov)",Red Algae,Florideophyceae,Rhodymeniophycidae,,y,y,y,,,,,,,,,,,y
Halymenia maculata,red,190431,"Halymenia maculata chloroplast, complete genome - Nucleotide - NCBI (nih.gov)",Red Algae,Florideophyceae,Rhodymeniophycidae,,y,,,,,,,,,,,,,
Ceramium japonicum ,red,171634,https://www.ncbi.nlm.nih.gov/nucleotide/NC_031174.1,Red Algae,Florideophyceae,Rhodymeniophycidae,,y,,,,,,,,,,,,,
Dasya naccarioides,red,170970,"Dasya naccarioides isolate PD888 chloroplast, complete genome - Nucleotide - NCBI (nih.gov)",Red Algae,Florideophyceae,Rhodymeniophycidae,,y,,,,,,,,,,,,,
Sporolithon durum,red,191464,"Sporolithon durum plastid, complete genome - Nucleotide - NCBI (nih.gov)",Red Algae,Florideophyceae,Sporolithales,,y,,,,,,,,,,,,,
Ahnfeltia plicata,red,190451,"Ahnfeltia plicata plastid, complete genome - Nucleotide - NCBI (nih.gov)",Red Algae,Florideophyceae,Ahnfeltiophycidae,,y,,,,,,,,,,,,,
Corallina chilensis,red,178350,"Corallina chilensis voucher UC2050474 chloroplast, complete genome - Nucleotide - NCBI (nih.gov)",Red Algae,Florideophyceae,Corallinales,,y,,,,,,,,,,,,,
Galdieria sulphuraria,red,167741,"Galdieria sulphuraria strain 074W plastid, complete genome - Nucleotide - NCBI (nih.gov)",Red Algae,Cyanidiophyceae,,,y,y,,,,,,,,,,,,
Cyanidium caldarium,red,164921,"Cyanidium caldarium chloroplast, complete genome - Nucleotide - NCBI (nih.gov)",Red Algae,Cyanidiophyceae,,,,,,,,,,,,,,,,
Gronococcus sybilensis,red,192265,"Gronococcus sybilensis plastid, complete genome - Nucleotide - NCBI (nih.gov)",Red Algae,Cyanidiophyceae,,,y,y,,,,,,,,,,,,
Boldia erythrosiphon,red,226658,"Boldia erythrosiphon strain UTEX LB2858 chloroplast, complete genome - Nucleotide - NCBI (nih.gov)",Red Algae,Compsopogonphyceae,,,y,y,,,,,,,,,,,,
Erythrotrichia carnea,red,210691,"Erythrotrichia carnea plastid, complete genome - Nucleotide - NCBI (nih.gov)",Red Algae,Compsopogonphyceae,,,y,y,y,y,y,y,y,y,y,y,y,y,,
Rhodochaete parvula,red,221671,"Rhodochaete parvula plastid, complete genome - Nucleotide - NCBI (nih.gov)",Red Algae,Compsopogonphyceae,,,y,y,y,y,y,y,y,y,y,y,y,y,,
Wildemania schizophylla,red,193008,"Wildemania schizophylla voucher UC 306400 plastid, complete genome - Nucleotide - NCBI (nih.gov)",Red Algae,Bangiophyceae,Wildemania,psbB accession called psi ?,y,y,y,y,y,y,y,y,y,y,y,y,,
Chroodactylon ornatum,red,207095,"Chroodactylon ornatum strain SAG 103.79 chloroplast, complete genome - Nucleotide - NCBI (nih.gov)",Red Algae,Stylonematophyceae,,,y,y,y,y,y,y,y,y,y,y,y,y,,
Synarthrophyton patena,red,181685,"Synarthrophyton patena plastid, complete genome - Nucleotide - NCBI (nih.gov)",Red Algae,Florideophyceae,Hapladinales,,y,y,y,y,y,y,y,y,y,y,y,y,,
Rhodogorgon sp.,red,190860,"Rhodogorgon sp. plastid, complete genome - Nucleotide - NCBI (nih.gov)",Red Algae,Florideophyceae,Rhodogorgonales,,y,y,y,y,y,y,y,y,y,y,y,y,,
Pelagomonas sp.,red,91306,"Uncultured Pelagomonas plastid, complete genome - Nucleotide - NCBI (nih.gov)",Stramenopila,Pelagophyta,,,y,y,y,y,y,y,y,y,y,y,y,y,,
Aureoumbra lagunensis,red,94346,"Aureoumbra lagunensis strain CCMP 1507 chloroplast, complete genome - Nucleotide - NCBI (nih.gov)",Stramenopila,Pelagophyta,,,y,y,y,y,y,y,y,y,y,y,y,y,,
Dictyocha speculum,red,140025,"Dictyocha speculum voucher CCMP1381 chloroplast, complete genome - Nucleotide - NCBI (nih.gov)",Stramenopila,Dictyophyceae,,,y,y,y,y,y,y,y,y,y,y,y,y,,
Pseudopedinella elastica,red,112413,"Pseudopedinella elastica voucher CCMP716 chloroplast, complete genome - Nucleotide - NCBI (nih.gov)",Stramenopila,Dictyophyceae,,,y,y,y,y,y,y,y,y,y,y,y,y,,
Vacuolaria virescens,red,137965,"Vacuolaria virescens strain KR002 plastid, complete genome - Nucleotide - NCBI (nih.gov)",Stramenopila,Raphidophyceae,,2 tufAs,y,y,y,y,y,y,y,y,y,y,y,y,,
Characiopsis acuta,red,121124,"Characiopsis acuta strain ACOI 456 plastid, complete genome - Nucleotide - NCBI (nih.gov)",Stramenopila,Eustigmatophyceae,,,y,y,y,y,y,y,y,y,y,y,y,y,,
Trachydiscus minutus,red,120091,"Trachydiscus minutus plastid, complete genome - Nucleotide - NCBI (nih.gov)",Stramenopila,Eustigmatophyceae,,,y,y,y,y,y,y,y,y,y,y,y,y,,
Pavlova sp,red,95281,"Pavlova sp. NIVA-4/92 plastid, complete genome - Nucleotide - NCBI (nih.gov)",Haptophyta,Pavlovaceae,,,,,,,,,,,,,,,,